EmpID,YearsAtCompany,YearsInCurrentRole,YearsSinceLastPromotion,YearsWithCurrManager,Attrition
RM297,0,0,0,0.0,Yes
RM302,0,0,0,0.0,No
RM458,0,0,0,0.0,Yes
RM728,0,0,0,0.0,No
RM829,0,0,0,0.0,Yes
RM973,0,0,0,0.0,No
RM1154,0,0,0,0.0,Yes
RM1312,0,0,0,0.0,No
RM128,0,0,0,0.0,Yes
RM150,1,0,0,0.0,No
RM172,0,0,0,0.0,Yes
RM178,1,0,1,0.0,Yes
RM423,1,0,0,0.0,Yes
RM689,1,0,0,0.0,Yes
RM854,1,1,0,0.0,No
RM893,1,1,0,0.0,Yes
RM910,1,0,0,1.0,No
RM103,1,0,1,0.0,Yes
RM488,1,0,0,0.0,No
RM514,1,0,1,1.0,Yes
RM663,2,2,0,2.0,Yes
RM690,1,0,0,0.0,Yes
RM732,1,0,0,0.0,Yes
RM777,2,2,0,2.0,Yes
RM857,2,2,1,2.0,No
RM877,2,1,2,2.0,No
RM1179,2,2,2,2.0,No
RM1198,2,2,0,2.0,No
RM024,0,0,0,,No
RM275,3,2,1,0.0,No
RM358,3,2,1,2.0,Yes
RM363,3,2,2,,No
RM371,1,0,0,0.0,Yes
RM497,3,2,1,2.0,No
RM664,1,0,0,0.0,Yes
RM778,1,0,1,0.0,Yes
RM816,2,2,2,2.0,No
RM916,2,2,2,2.0,Yes
RM1153,2,2,2,2.0,No
RM1272,1,0,1,0.0,Yes
RM1437,2,2,1,2.0,No
RM018,1,0,0,0.0,No
RM110,0,0,0,0.0,No
RM129,2,1,2,1.0,No
RM161,2,2,2,2.0,No
RM207,4,2,2,,No
RM384,2,1,1,2.0,No
RM444,2,2,1,2.0,Yes
RM499,2,2,2,2.0,No
RM631,2,2,2,2.0,No
RM667,3,2,0,2.0,Yes
RM735,4,3,1,1.0,No
RM861,0,0,0,0.0,Yes
RM1138,4,2,1,3.0,No
RM1274,1,0,0,0.0,Yes
RM1340,1,0,0,0.0,Yes
RM1424,3,2,1,2.0,No
RM087,0,0,0,0.0,No
RM346,4,2,0,2.0,No
RM517,3,2,0,2.0,No
RM551,4,3,0,2.0,No
RM566,2,2,0,2.0,No
RM586,0,0,0,0.0,Yes
RM911,1,0,0,1.0,No
RM1083,4,3,1,2.0,No
RM1128,2,2,2,2.0,No
RM1202,5,4,1,2.0,Yes
RM1214,3,2,0,2.0,Yes
RM1239,3,2,1,2.0,No
RM1409,5,2,1,4.0,No
RM1439,1,0,1,0.0,Yes
RM021,4,2,1,3.0,No
RM035,2,0,2,0.0,Yes
RM097,3,2,0,2.0,No
RM114,5,3,1,2.0,No
RM381,5,2,0,3.0,No
RM415,5,3,1,4.0,Yes
RM471,2,2,2,1.0,No
RM475,6,5,1,4.0,No
RM477,1,0,0,0.0,No
RM480,6,3,1,2.0,Yes
RM526,2,2,2,0.0,Yes
RM587,1,0,0,0.0,No
RM641,5,2,3,4.0,No
RM725,4,2,3,2.0,No
RM842,4,3,1,2.0,No
RM872,1,0,0,0.0,Yes
RM1026,5,4,0,3.0,No
RM1061,0,0,0,0.0,Yes
RM1062,1,0,0,0.0,No
RM1098,1,1,0,0.0,No
RM1169,6,3,1,3.0,No
RM1218,5,3,0,4.0,No
RM1223,1,0,0,0.0,Yes
RM1231,6,2,1,2.0,No
RM1246,2,2,2,1.0,No
RM1408,4,3,1,2.0,No
RM108,6,4,0,3.0,Yes
RM109,2,2,2,1.0,No
RM139,2,2,2,,No
RM256,4,2,1,,No
RM268,6,3,1,5.0,No
RM398,5,4,1,3.0,No
RM406,2,2,0,,Yes
RM479,7,4,0,6.0,No
RM518,3,2,1,2.0,No
RM564,6,5,1,4.0,No
RM619,4,3,0,1.0,No
RM635,5,3,0,3.0,No
RM639,5,2,0,3.0,No
RM684,1,0,0,0.0,Yes
RM797,7,7,5,6.0,Yes
RM886,4,3,1,1.0,No
RM912,1,0,1,0.0,Yes
RM935,2,2,2,1.0,No
RM966,3,2,1,2.0,No
RM994,3,2,1,2.0,No
RM1004,3,2,0,2.0,No
RM1022,3,2,2,2.0,Yes
RM1175,7,7,0,7.0,No
RM1412,2,0,1,2.0,No
RM1414,2,2,0,2.0,No
RM1434,5,3,0,4.0,No
RM043,1,0,0,1.0,Yes
RM055,2,2,0,0.0,No
RM126,5,4,4,3.0,No
RM135,8,7,5,7.0,No
RM279,6,5,1,4.0,No
RM285,5,3,3,3.0,No
RM289,3,2,0,2.0,Yes
RM294,8,7,7,4.0,Yes
RM356,8,7,7,7.0,No
RM383,6,4,0,4.0,Yes
RM419,3,2,0,2.0,No
RM454,7,7,1,0.0,Yes
RM461,0,0,0,0.0,No
RM464,1,0,0,0.0,Yes
RM476,5,3,1,4.0,No
RM506,3,2,0,2.0,No
RM572,2,2,2,0.0,No
RM574,4,3,1,2.0,Yes
RM615,8,7,1,7.0,Yes
RM686,7,7,0,7.0,No
RM734,8,7,1,3.0,No
RM749,2,2,2,2.0,Yes
RM763,3,2,1,2.0,Yes
RM770,5,3,1,3.0,No
RM782,5,3,1,3.0,No
RM798,1,1,0,0.0,Yes
RM844,8,7,0,7.0,No
RM913,8,5,2,2.0,No
RM999,4,3,1,1.0,No
RM1005,7,7,0,7.0,No
RM1119,1,0,0,0.0,No
RM1207,7,7,5,7.0,No
RM1225,3,2,0,2.0,No
RM1298,5,1,1,4.0,Yes
RM1310,5,3,1,2.0,No
RM1350,1,0,1,0.0,No
RM1362,7,7,7,7.0,No
RM1387,7,7,7,6.0,No
RM1465,4,2,0,0.0,No
RM1465,4,2,0,5.0,No
RM005,2,2,2,2.0,No
RM042,1,0,0,0.0,No
RM044,9,8,1,7.0,No
RM162,2,2,2,2.0,No
RM165,1,1,0,1.0,No
RM171,5,2,1,1.0,No
RM192,7,7,0,3.0,No
RM201,2,2,2,0.0,No
RM213,7,7,0,7.0,No
RM319,4,3,1,2.0,No
RM321,5,4,0,4.0,No
RM332,5,4,1,4.0,No
RM340,8,7,0,7.0,No
RM374,5,2,0,4.0,No
RM486,5,3,0,3.0,No
RM496,4,3,0,2.0,Yes
RM513,4,2,1,1.0,No
RM522,6,5,0,4.0,No
RM531,9,7,0,7.0,No
RM538,9,7,1,7.0,No
RM555,7,6,0,7.0,No
RM577,4,2,1,1.0,No
RM611,9,8,0,8.0,No
RM616,0,0,0,0.0,No
RM671,1,1,0,0.0,No
RM718,2,2,2,2.0,No
RM740,3,2,2,2.0,No
RM787,3,2,1,2.0,No
RM834,4,2,2,2.0,No
RM890,9,7,6,8.0,No
RM903,5,3,0,3.0,No
RM971,1,0,0,0.0,No
RM975,6,2,0,0.0,No
RM997,6,2,4,4.0,No
RM998,8,2,7,7.0,Yes
RM1018,5,0,1,4.0,No
RM1150,7,7,0,7.0,No
RM1170,3,2,0,2.0,No
RM1171,4,2,1,2.0,No
RM1249,6,2,1,4.0,No
RM1318,5,4,0,2.0,No
RM1329,9,8,5,8.0,No
RM1335,7,6,7,3.0,No
RM1351,8,7,0,7.0,No
RM1368,5,3,1,2.0,No
RM1380,1,0,0,0.0,Yes
RM1394,7,7,0,7.0,No
RM1468,6,2,0,3.0,No
RM1468,6,2,0,3.0,No
RM015,4,2,0,3.0,Yes
RM052,2,2,2,2.0,Yes
RM098,5,4,0,4.0,No
RM163,5,2,0,2.0,No
RM265,0,0,0,0.0,Yes
RM273,5,2,0,4.0,No
RM290,5,3,0,2.0,No
RM303,8,3,0,7.0,No
RM324,3,2,2,2.0,Yes
RM375,7,5,0,7.0,No
RM405,10,0,1,,No
RM541,7,7,3,7.0,Yes
RM599,2,2,2,1.0,Yes
RM613,8,7,7,5.0,No
RM630,5,1,0,4.0,No
RM660,4,2,0,2.0,No
RM669,2,2,2,2.0,No
RM765,1,0,0,0.0,No
RM781,10,7,1,9.0,Yes
RM789,8,7,1,7.0,No
RM794,4,2,2,2.0,No
RM801,1,0,0,0.0,Yes
RM810,9,7,1,7.0,No
RM820,5,3,0,4.0,No
RM828,3,1,0,2.0,No
RM843,1,1,0,0.0,Yes
RM869,6,5,3,3.0,No
RM922,4,2,0,2.0,No
RM930,2,2,2,2.0,No
RM934,3,2,1,2.0,No
RM945,9,8,7,5.0,No
RM985,5,3,0,4.0,No
RM1042,5,4,1,3.0,No
RM1057,3,2,1,2.0,Yes
RM1069,0,0,0,0.0,Yes
RM1070,1,0,0,0.0,No
RM1071,4,2,1,3.0,No
RM1074,8,6,1,7.0,No
RM1137,1,1,0,0.0,Yes
RM1152,5,3,0,0.0,No
RM1284,5,3,0,3.0,No
RM1308,3,2,1,2.0,No
RM1324,3,2,2,2.0,No
RM1338,1,0,0,0.0,No
RM1365,7,7,0,7.0,No
RM1370,2,0,2,2.0,Yes
RM1382,5,3,1,4.0,No
RM1391,4,1,0,3.0,Yes
RM012,9,5,0,8.0,No
RM016,10,9,8,8.0,No
RM072,5,4,0,,No
RM156,10,7,0,9.0,No
RM206,10,4,1,,Yes
RM218,6,2,1,5.0,Yes
RM228,11,10,4,1.0,No
RM230,4,3,0,1.0,Yes
RM253,6,5,1,,No
RM255,3,2,0,,No
RM266,0,0,0,0.0,No
RM283,10,7,0,9.0,No
RM337,7,7,0,7.0,Yes
RM338,3,2,2,2.0,No
RM344,7,7,1,7.0,No
RM350,4,3,0,2.0,No
RM372,3,2,1,2.0,No
RM421,10,2,0,7.0,No
RM422,2,2,1,1.0,Yes
RM455,3,2,1,2.0,No
RM508,6,0,1,2.0,No
RM520,10,7,2,8.0,No
RM547,1,0,0,0.0,No
RM556,2,2,2,2.0,No
RM573,8,7,1,1.0,No
RM590,1,0,0,0.0,Yes
RM595,10,7,0,7.0,No
RM646,3,2,0,2.0,Yes
RM658,4,3,0,3.0,No
RM698,3,1,0,2.0,No
RM712,0,0,0,0.0,Yes
RM809,7,5,1,7.0,No
RM824,7,5,1,1.0,No
RM826,10,7,1,2.0,No
RM837,11,8,3,10.0,Yes
RM853,10,8,0,8.0,No
RM860,5,4,1,3.0,No
RM894,3,2,1,2.0,No
RM904,6,0,1,0.0,No
RM906,7,7,1,7.0,No
RM933,7,7,7,7.0,Yes
RM1006,10,9,0,9.0,No
RM1008,8,7,7,7.0,Yes
RM1058,5,3,0,0.0,Yes
RM1064,10,7,0,4.0,No
RM1073,3,2,0,2.0,No
RM1078,9,7,0,7.0,Yes
RM1091,7,7,0,7.0,No
RM1105,1,0,0,0.0,No
RM1123,10,9,1,5.0,No
RM1126,6,4,1,3.0,No
RM1173,5,2,1,4.0,No
RM1189,10,0,0,9.0,No
RM1220,5,3,1,2.0,No
RM1250,2,2,2,2.0,Yes
RM1251,3,2,0,2.0,No
RM1259,1,0,0,0.0,No
RM1314,2,2,2,0.0,Yes
RM1319,11,8,3,10.0,No
RM1325,7,0,1,6.0,No
RM1330,1,0,0,0.0,No
RM1333,1,0,1,0.0,Yes
RM1344,3,2,1,2.0,No
RM1366,1,0,0,0.0,Yes
RM1388,5,3,0,2.0,No
RM1443,2,2,2,2.0,Yes
RM1460,4,3,0,3.0,No
RM1461,5,4,0,4.0,No
RM1461,5,4,0,4.0,No
RM008,1,0,0,,No
RM033,10,0,1,8.0,No
RM045,12,8,3,7.0,No
RM081,10,8,3,0.0,No
RM089,11,10,10,8.0,No
RM093,11,8,2,7.0,No
RM121,10,7,0,9.0,No
RM140,11,9,4,,No
RM144,5,4,0,,No
RM146,3,2,2,,No
RM147,5,3,1,,No
RM168,10,9,7,4.0,No
RM174,12,9,6,10.0,No
RM212,11,8,5,8.0,No
RM215,5,2,0,4.0,Yes
RM217,6,3,0,1.0,Yes
RM325,10,8,1,9.0,No
RM339,10,9,1,2.0,No
RM355,2,2,2,2.0,No
RM382,1,0,0,0.0,No
RM386,1,0,0,0.0,Yes
RM403,5,4,4,4.0,No
RM411,5,4,0,2.0,No
RM420,5,3,1,4.0,No
RM424,9,8,7,8.0,No
RM427,11,7,6,7.0,No
RM438,3,2,1,2.0,No
RM481,1,0,0,0.0,Yes
RM502,1,0,0,0.0,No
RM546,8,7,7,7.0,No
RM582,2,2,0,2.0,No
RM603,0,0,0,0.0,No
RM624,5,4,0,3.0,No
RM703,8,4,7,7.0,No
RM721,5,2,0,1.0,Yes
RM731,8,7,1,7.0,No
RM733,3,2,1,2.0,Yes
RM783,6,2,0,2.0,No
RM845,10,3,1,4.0,No
RM866,4,3,0,3.0,No
RM875,10,7,8,9.0,No
RM887,11,9,5,7.0,No
RM932,8,4,1,7.0,No
RM942,9,2,6,7.0,No
RM949,9,1,0,8.0,No
RM1014,3,2,0,2.0,No
RM1050,2,1,2,2.0,No
RM1053,1,0,0,0.0,No
RM1065,5,3,1,3.0,No
RM1107,10,8,6,7.0,Yes
RM1110,4,2,1,3.0,No
RM1142,6,4,1,1.0,No
RM1234,10,0,0,8.0,No
RM1245,9,7,0,7.0,No
RM1247,4,2,1,2.0,Yes
RM1252,7,7,1,7.0,No
RM1260,7,0,1,7.0,No
RM1297,7,7,0,2.0,No
RM1339,1,0,0,0.0,Yes
RM1413,12,8,1,7.0,No
RM013,5,2,4,3.0,No
RM059,7,7,1,7.0,No
RM073,1,1,1,,No
RM076,11,7,1,,No
RM125,7,7,7,7.0,Yes
RM133,2,2,2,2.0,Yes
RM181,4,2,0,2.0,No
RM225,5,4,1,4.0,No
RM246,2,2,2,2.0,No
RM260,5,4,1,4.0,Yes
RM267,9,0,7,8.0,No
RM293,2,2,2,2.0,No
RM304,8,7,7,7.0,No
RM310,5,2,0,3.0,No
RM311,2,2,1,0.0,No
RM313,2,2,2,2.0,No
RM322,7,7,1,7.0,No
RM326,10,9,8,9.0,No
RM343,11,9,4,10.0,No
RM370,2,2,2,2.0,No
RM395,13,10,3,12.0,No
RM400,4,2,3,2.0,No
RM435,13,8,0,8.0,No
RM440,1,0,0,0.0,Yes
RM451,6,5,0,5.0,No
RM457,5,4,0,1.0,No
RM483,3,1,1,2.0,Yes
RM485,7,7,5,7.0,No
RM645,6,4,0,2.0,No
RM676,7,7,5,2.0,No
RM680,9,8,0,0.0,No
RM691,9,7,8,5.0,No
RM710,3,2,1,2.0,Yes
RM727,4,3,0,3.0,No
RM819,2,2,2,2.0,No
RM832,2,2,2,2.0,Yes
RM896,6,5,0,1.0,No
RM897,10,9,1,8.0,No
RM951,10,8,9,6.0,No
RM953,3,2,2,2.0,Yes
RM981,1,0,0,0.0,Yes
RM986,10,2,6,7.0,Yes
RM1013,1,0,0,0.0,Yes
RM1015,3,2,1,0.0,No
RM1017,1,0,0,0.0,Yes
RM1031,13,7,9,9.0,No
RM1034,10,8,4,7.0,Yes
RM1036,3,2,0,2.0,No
RM1037,2,2,2,2.0,Yes
RM1086,7,2,7,7.0,Yes
RM1145,5,2,0,3.0,No
RM1192,10,0,0,2.0,No
RM1228,5,2,0,3.0,No
RM1240,5,4,1,4.0,No
RM1248,5,2,0,2.0,No
RM1258,1,0,0,0.0,Yes
RM1275,12,7,5,7.0,No
RM1307,3,2,2,2.0,No
RM1313,1,0,0,0.0,Yes
RM1342,10,8,0,2.0,No
RM1359,5,2,1,4.0,No
RM1361,2,2,2,2.0,No
RM1383,4,2,2,3.0,No
RM1390,10,8,8,7.0,No
RM1396,10,7,0,8.0,Yes
RM1403,1,0,0,0.0,No
RM1406,11,7,4,8.0,No
RM1418,2,2,1,2.0,No
RM1464,9,4,1,7.0,No
RM1464,9,4,1,7.0,No
RM006,7,7,3,6.0,No
RM017,6,2,0,5.0,No
RM027,10,2,6,,Yes
RM061,9,8,7,8.0,No
RM074,10,4,0,,No
RM095,11,8,5,7.0,No
RM102,1,0,0,0.0,No
RM141,5,4,0,,Yes
RM145,8,7,0,,No
RM155,9,8,3,7.0,No
RM170,5,4,1,4.0,No
RM211,14,8,9,,Yes
RM239,4,3,1,2.0,No
RM240,3,2,1,2.0,Yes
RM242,3,2,2,2.0,No
RM261,5,1,0,3.0,No
RM263,6,2,0,4.0,No
RM307,13,8,4,8.0,No
RM320,13,12,11,9.0,No
RM323,7,7,0,7.0,No
RM352,8,0,0,7.0,No
RM470,4,2,1,2.0,Yes
RM501,6,4,0,5.0,No
RM528,10,7,0,8.0,No
RM532,7,7,7,7.0,No
RM559,10,8,4,7.0,No
RM601,14,13,6,8.0,No
RM623,5,2,0,3.0,No
RM627,5,3,1,3.0,No
RM638,3,0,0,2.0,No
RM642,10,8,5,3.0,No
RM657,1,0,0,1.0,Yes
RM683,3,0,0,2.0,No
RM693,8,7,6,3.0,No
RM757,8,7,7,7.0,No
RM851,1,0,0,0.0,No
RM881,2,2,2,2.0,No
RM882,8,7,0,7.0,No
RM936,10,7,0,8.0,No
RM940,10,4,1,1.0,Yes
RM992,3,2,1,2.0,No
RM1027,4,3,0,3.0,No
RM1076,5,2,0,0.0,No
RM1102,7,1,2,5.0,No
RM1114,6,5,1,2.0,No
RM1140,3,2,0,2.0,No
RM1191,9,5,1,6.0,No
RM1206,1,0,0,0.0,Yes
RM1227,5,2,1,3.0,No
RM1238,0,0,0,0.0,Yes
RM1242,4,3,0,2.0,No
RM1261,7,7,0,7.0,No
RM1320,0,0,0,0.0,No
RM1327,2,2,2,2.0,Yes
RM1376,4,1,0,3.0,Yes
RM1389,5,1,1,2.0,No
RM1395,1,0,0,0.0,No
RM1427,6,2,4,1.0,No
RM1429,2,2,2,2.0,No
RM1432,14,10,5,7.0,No
RM1450,4,2,1,2.0,No
RM004,8,7,3,0.0,No
RM031,1,1,0,,No
RM040,5,3,1,3.0,No
RM056,15,14,8,12.0,No
RM122,7,7,0,7.0,No
RM177,3,1,0,2.0,No
RM186,8,7,1,6.0,No
RM222,3,2,1,1.0,No
RM235,5,4,0,4.0,Yes
RM237,9,7,1,7.0,Yes
RM247,2,2,0,2.0,No
RM314,10,6,8,8.0,No
RM329,7,7,0,1.0,No
RM364,1,0,0,0.0,Yes
RM436,7,6,7,7.0,Yes
RM437,4,3,1,3.0,Yes
RM456,6,1,0,5.0,No
RM500,5,0,1,2.0,No
RM510,13,11,4,7.0,No
RM515,10,8,9,7.0,Yes
RM563,10,9,7,8.0,Yes
RM591,13,9,3,7.0,No
RM592,3,2,0,2.0,Yes
RM620,9,8,0,8.0,No
RM656,4,3,0,3.0,No
RM674,3,2,0,2.0,No
RM695,5,0,1,4.0,No
RM711,10,8,6,0.0,No
RM713,3,2,0,2.0,No
RM716,6,5,1,2.0,No
RM755,2,2,2,2.0,No
RM791,3,2,1,2.0,No
RM793,13,7,3,8.0,Yes
RM799,2,2,2,2.0,Yes
RM803,3,2,0,2.0,No
RM830,5,2,0,3.0,Yes
RM864,5,4,1,4.0,No
RM873,10,7,0,1.0,No
RM884,14,10,4,10.0,No
RM909,9,8,0,8.0,No
RM991,5,4,1,2.0,No
RM1048,4,3,0,3.0,No
RM1067,5,4,0,2.0,No
RM1075,0,0,0,0.0,No
RM1092,5,3,0,2.0,No
RM1096,15,14,5,7.0,No
RM1106,2,2,2,2.0,No
RM1190,6,2,0,4.0,No
RM1199,6,5,1,2.0,No
RM1211,14,11,2,13.0,No
RM1254,11,7,1,7.0,No
RM1256,0,0,0,0.0,Yes
RM1266,9,8,1,7.0,No
RM1283,10,8,7,6.0,No
RM1364,10,4,0,9.0,No
RM1399,9,7,2,8.0,No
RM1416,1,1,0,0.0,No
RM1426,9,7,8,1.0,No
RM014,2,2,1,2.0,No
RM023,12,6,2,,No
RM025,4,2,1,,Yes
RM047,9,5,8,7.0,No
RM085,5,2,1,3.0,No
RM104,16,13,2,10.0,No
RM112,9,7,0,6.0,Yes
RM115,1,0,0,0.0,No
RM117,11,10,5,8.0,No
RM160,4,3,1,2.0,No
RM182,3,2,1,2.0,No
RM189,10,9,1,9.0,No
RM203,5,3,2,0.0,No
RM248,11,9,5,9.0,No
RM379,5,2,0,4.0,Yes
RM394,3,2,1,2.0,No
RM416,2,2,1,0.0,Yes
RM433,7,3,5,7.0,No
RM441,3,2,0,2.0,Yes
RM463,10,7,5,7.0,No
RM482,6,5,1,3.0,No
RM495,8,2,0,6.0,No
RM504,10,9,8,8.0,No
RM525,8,7,7,7.0,No
RM550,5,1,4,3.0,No
RM561,0,0,0,0.0,No
RM568,6,5,1,4.0,No
RM575,4,2,1,3.0,No
RM580,6,5,1,3.0,No
RM584,3,2,1,2.0,No
RM607,5,2,1,3.0,No
RM614,3,2,0,2.0,No
RM672,1,0,1,0.0,No
RM758,15,1,0,9.0,No
RM764,1,1,0,0.0,No
RM795,6,2,0,4.0,No
RM804,0,0,0,0.0,No
RM823,3,2,0,2.0,No
RM835,6,5,1,3.0,No
RM848,13,9,4,9.0,No
RM907,1,0,0,0.0,No
RM918,3,2,0,2.0,No
RM921,11,8,5,10.0,No
RM924,10,9,1,8.0,No
RM959,9,7,1,6.0,No
RM965,10,8,9,6.0,No
RM978,5,4,0,0.0,No
RM980,8,7,7,7.0,No
RM984,14,11,4,11.0,No
RM1016,4,3,1,3.0,No
RM1028,5,4,0,2.0,No
RM1040,2,2,2,2.0,Yes
RM1049,13,9,3,12.0,No
RM1056,14,8,6,9.0,No
RM1059,15,9,10,10.0,Yes
RM1085,10,9,8,6.0,No
RM1088,11,10,5,7.0,No
RM1116,1,0,0,0.0,No
RM1118,2,2,2,1.0,No
RM1132,8,2,7,7.0,No
RM1147,9,7,7,2.0,No
RM1180,11,8,7,9.0,No
RM1209,15,10,4,13.0,No
RM1213,10,9,8,7.0,No
RM1253,5,0,1,2.0,No
RM1268,15,14,0,7.0,No
RM1271,2,2,2,2.0,No
RM1291,7,1,0,7.0,Yes
RM1301,10,8,4,8.0,No
RM1343,5,3,1,0.0,No
RM1354,5,2,3,0.0,Yes
RM1360,4,2,0,1.0,No
RM1369,15,10,6,11.0,No
RM1385,14,8,2,1.0,No
RM1386,8,7,1,1.0,No
RM1447,8,7,1,7.0,No
RM1470,4,3,1,2.0,No
RM1470,4,3,1,2.0,No
RM011,5,4,0,3.0,No
RM038,2,2,2,2.0,No
RM041,1,0,0,0.0,No
RM050,1,0,0,1.0,No
RM054,4,0,2,3.0,No
RM057,9,8,1,8.0,No
RM058,2,2,2,2.0,No
RM069,3,2,1,2.0,No
RM077,15,13,2,,No
RM082,6,4,0,4.0,No
RM152,10,8,0,6.0,No
RM193,1,0,0,1.0,Yes
RM197,6,2,1,2.0,No
RM229,10,7,0,8.0,No
RM277,7,7,6,2.0,No
RM298,11,9,6,9.0,No
RM345,16,6,0,13.0,No
RM373,1,1,0,0.0,No
RM431,5,4,4,3.0,No
RM439,8,7,0,0.0,No
RM448,11,9,6,9.0,No
RM462,5,4,0,3.0,No
RM484,3,2,0,2.0,No
RM509,17,11,11,8.0,No
RM516,1,0,0,0.0,No
RM558,1,0,0,0.0,No
RM581,3,2,0,2.0,No
RM597,2,2,2,2.0,No
RM612,8,5,1,6.0,No
RM621,6,5,1,1.0,No
RM636,17,14,5,15.0,No
RM637,10,2,7,8.0,Yes
RM648,13,10,4,8.0,No
RM677,10,6,0,7.0,No
RM699,5,2,1,0.0,No
RM705,10,9,0,8.0,No
RM726,4,2,0,2.0,Yes
RM730,16,10,10,1.0,No
RM741,3,2,1,2.0,No
RM792,8,7,4,7.0,Yes
RM821,5,2,0,2.0,No
RM836,5,4,1,4.0,No
RM841,8,0,1,7.0,No
RM847,7,7,6,4.0,No
RM849,2,2,2,2.0,No
RM871,7,7,1,7.0,No
RM889,13,2,4,12.0,No
RM925,3,2,2,2.0,No
RM962,9,6,1,1.0,No
RM974,9,7,0,0.0,No
RM982,4,2,3,2.0,Yes
RM1003,2,2,2,2.0,No
RM1060,1,0,0,0.0,No
RM1082,11,8,3,3.0,No
RM1101,5,3,4,2.0,No
RM1109,3,0,1,2.0,No
RM1111,1,0,0,0.0,Yes
RM1124,5,2,0,4.0,No
RM1131,10,9,6,8.0,No
RM1135,1,0,0,1.0,No
RM1151,16,15,1,10.0,No
RM1158,14,11,2,9.0,No
RM1163,13,12,6,0.0,Yes
RM1168,2,2,2,2.0,Yes
RM1187,11,9,6,7.0,Yes
RM1216,5,4,1,4.0,No
RM1233,7,7,0,7.0,No
RM1282,10,7,7,7.0,Yes
RM1289,7,7,1,7.0,No
RM1303,5,4,0,3.0,No
RM1346,3,2,0,2.0,No
RM1381,5,3,0,4.0,No
RM1393,10,8,0,9.0,No
RM1423,2,2,2,2.0,No
RM1425,10,7,0,8.0,No
RM1451,9,0,1,7.0,No
RM1457,10,2,0,2.0,No
RM1459,4,3,1,1.0,No
RM010,7,7,7,7.0,No
RM022,5,3,0,3.0,Yes
RM039,1,1,0,0.0,No
RM065,17,14,12,8.0,No
RM067,6,5,0,3.0,No
RM070,1,0,0,,Yes
RM075,1,0,0,,No
RM118,9,7,2,8.0,No
RM119,1,0,0,0.0,No
RM136,3,2,0,1.0,No
RM173,8,7,7,2.0,No
RM208,8,1,1,,No
RM221,13,11,3,7.0,No
RM270,15,13,10,11.0,No
RM292,8,0,7,7.0,No
RM299,1,0,0,0.0,No
RM306,9,8,0,8.0,No
RM359,1,0,0,,No
RM360,13,9,1,,No
RM378,2,2,2,2.0,No
RM385,10,9,9,0.0,No
RM443,10,3,9,7.0,No
RM512,3,2,0,2.0,No
RM542,8,7,0,5.0,No
RM570,10,7,0,9.0,No
RM594,9,7,0,5.0,No
RM600,5,2,0,4.0,No
RM622,18,14,4,11.0,No
RM634,5,4,0,3.0,No
RM665,16,8,4,11.0,No
RM681,6,2,0,1.0,No
RM688,11,8,3,9.0,No
RM694,16,7,3,7.0,Yes
RM709,7,7,0,7.0,No
RM753,17,13,15,14.0,Yes
RM762,1,0,0,0.0,Yes
RM774,14,8,7,8.0,No
RM818,11,9,0,9.0,No
RM874,7,7,1,7.0,No
RM883,7,7,7,7.0,No
RM901,11,10,0,7.0,No
RM928,16,14,5,12.0,No
RM943,7,7,1,7.0,No
RM969,15,7,6,13.0,No
RM1012,5,4,0,1.0,No
RM1019,10,4,1,8.0,No
RM1020,3,2,0,2.0,No
RM1103,3,2,1,2.0,No
RM1122,1,0,0,0.0,No
RM1129,3,2,0,2.0,No
RM1146,3,2,1,1.0,No
RM1174,3,2,0,2.0,No
RM1181,4,3,1,3.0,No
RM1183,3,2,1,2.0,No
RM1184,5,4,0,4.0,No
RM1200,3,2,0,2.0,No
RM1221,13,7,6,7.0,No
RM1237,2,2,2,2.0,Yes
RM1279,12,8,5,7.0,No
RM1316,1,0,0,0.0,No
RM1341,10,9,1,7.0,No
RM1348,10,1,0,8.0,No
RM1356,4,2,1,3.0,No
RM1384,5,4,0,2.0,No
RM1440,9,7,3,4.0,No
RM1441,4,2,0,2.0,No
RM1448,15,12,11,11.0,No
RM1454,6,3,0,0.0,No
RM1466,5,2,0,3.0,No
RM1466,5,2,0,2.0,No
RM003,0,0,0,0.0,Yes
RM048,1,0,0,0.0,No
RM060,7,5,0,7.0,No
RM079,5,2,0,2.0,No
RM101,3,2,0,2.0,Yes
RM105,1,0,0,0.0,No
RM116,5,3,1,3.0,No
RM196,8,7,1,7.0,No
RM223,10,8,0,7.0,No
RM227,9,8,5,8.0,No
RM249,3,1,0,,No
RM251,1,0,0,,Yes
RM274,5,4,0,1.0,No
RM276,5,2,0,2.0,No
RM286,17,12,5,7.0,No
RM295,4,2,1,2.0,No
RM341,6,2,0,4.0,No
RM354,7,7,6,7.0,No
RM365,5,4,0,3.0,No
RM387,18,7,12,17.0,No
RM390,1,0,0,1.0,No
RM399,13,11,10,7.0,No
RM465,6,5,1,2.0,No
RM468,9,5,7,7.0,No
RM473,6,5,4,3.0,No
RM487,3,0,1,0.0,No
RM507,10,7,7,8.0,No
RM523,1,0,0,0.0,No
RM578,5,3,4,3.0,No
RM629,1,0,0,0.0,No
RM649,5,4,0,0.0,No
RM653,10,0,0,9.0,No
RM696,14,1,11,7.0,Yes
RM745,1,0,0,0.0,Yes
RM768,4,3,0,1.0,No
RM796,1,0,0,0.0,No
RM833,6,2,1,3.0,No
RM856,14,8,3,11.0,No
RM990,6,4,1,3.0,No
RM1002,3,2,0,2.0,No
RM1023,6,5,1,3.0,No
RM1090,10,8,3,7.0,No
RM1159,4,3,0,2.0,No
RM1164,8,4,7,7.0,No
RM1212,6,3,1,3.0,No
RM1277,5,2,0,3.0,No
RM1281,10,0,4,7.0,No
RM1292,10,3,0,8.0,Yes
RM1345,5,3,0,4.0,No
RM1433,16,11,6,8.0,No
RM009,9,7,1,,No
RM020,3,2,1,2.0,No
RM062,10,3,9,9.0,No
RM084,13,11,1,9.0,No
RM143,3,2,2,,No
RM169,8,3,0,7.0,No
RM180,2,2,2,1.0,No
RM199,1,0,0,0.0,No
RM200,7,7,1,7.0,No
RM205,1,0,0,0.0,Yes
RM224,16,10,5,13.0,No
RM262,8,7,7,5.0,No
RM278,8,0,7,7.0,No
RM288,2,2,1,2.0,No
RM308,10,8,0,1.0,No
RM342,11,10,2,9.0,No
RM417,1,0,0,0.0,No
RM472,1,0,0,0.0,No
RM491,0,0,0,0.0,No
RM519,7,7,0,5.0,No
RM530,9,7,1,8.0,No
RM543,1,0,0,0.0,No
RM560,1,0,0,1.0,No
RM579,15,7,4,12.0,No
RM606,4,3,1,2.0,No
RM643,2,2,1,2.0,No
RM682,15,12,5,11.0,No
RM704,5,3,1,3.0,No
RM723,2,1,0,2.0,No
RM748,1,0,0,0.0,No
RM766,2,2,2,2.0,No
RM785,19,9,1,9.0,No
RM808,8,7,2,7.0,No
RM812,1,0,0,0.0,No
RM827,7,6,5,0.0,No
RM964,7,7,1,7.0,No
RM983,4,2,0,3.0,No
RM1108,6,3,1,2.0,No
RM1113,5,2,1,4.0,Yes
RM1120,9,8,7,7.0,No
RM1121,3,2,1,2.0,No
RM1162,5,4,0,2.0,No
RM1188,13,11,2,9.0,No
RM1194,4,3,3,3.0,No
RM1203,0,0,0,0.0,No
RM1257,6,1,0,5.0,No
RM1262,1,0,1,0.0,No
RM1273,5,4,0,4.0,No
RM1290,11,10,3,8.0,No
RM1309,4,2,0,3.0,No
RM1374,20,11,0,7.0,No
RM1377,5,2,0,3.0,No
RM1392,1,0,0,0.0,No
RM1401,6,2,1,2.0,No
RM1417,15,13,5,8.0,No
RM1419,8,3,7,7.0,No
RM1431,18,16,1,11.0,No
RM1452,10,7,1,9.0,No
RM034,1,0,0,0.0,Yes
RM138,15,11,5,9.0,No
RM241,3,2,1,2.0,No
RM252,19,6,11,,No
RM305,18,10,3,7.0,No
RM315,21,9,11,10.0,No
RM327,21,9,13,3.0,No
RM328,1,0,0,0.0,Yes
RM401,21,8,1,6.0,No
RM450,8,3,0,7.0,No
RM527,20,7,11,10.0,No
RM552,8,3,3,6.0,No
RM655,5,4,0,4.0,No
RM670,2,2,2,2.0,Yes
RM706,8,7,0,7.0,No
RM739,21,6,11,8.0,No
RM754,21,6,2,8.0,No
RM814,18,7,11,5.0,Yes
RM817,5,4,0,3.0,No
RM938,19,9,15,2.0,No
RM941,5,2,0,3.0,Yes
RM950,8,7,1,7.0,No
RM987,5,4,1,4.0,No
RM993,6,4,0,5.0,No
RM1033,1,0,0,0.0,Yes
RM1080,2,0,2,2.0,No
RM1125,7,6,7,6.0,No
RM1149,7,7,7,7.0,No
RM1156,10,8,0,7.0,No
RM1160,9,2,3,8.0,No
RM1176,5,4,1,0.0,No
RM1241,9,8,5,8.0,No
RM1285,4,3,2,2.0,No
RM1293,2,1,2,2.0,No
RM1336,2,2,2,2.0,No
RM1367,3,2,1,2.0,No
RM1373,10,0,7,9.0,No
RM1404,20,8,11,10.0,No
RM1430,7,7,1,7.0,No
RM1438,6,0,1,3.0,No
RM1463,20,9,9,6.0,No
RM1467,7,7,1,7.0,No
RM1463,20,9,9,6.0,No
RM1467,7,7,1,1.0,No
RM091,22,3,11,11.0,No
RM151,20,7,2,13.0,No
RM159,12,11,2,11.0,No
RM187,20,8,9,9.0,No
RM204,7,2,3,7.0,No
RM209,3,2,0,,No
RM244,9,8,4,7.0,No
RM258,21,7,3,,No
RM336,4,3,0,2.0,No
RM362,7,7,1,,No
RM369,6,4,1,0.0,Yes
RM388,5,4,1,3.0,No
RM392,1,0,0,0.0,No
RM418,20,15,1,12.0,No
RM449,20,6,5,13.0,No
RM459,1,0,0,1.0,No
RM534,18,13,1,12.0,No
RM554,4,2,2,3.0,No
RM583,8,7,3,7.0,No
RM602,1,0,0,0.0,No
RM685,1,0,0,0.0,No
RM692,1,1,0,0.0,No
RM707,1,0,0,0.0,Yes
RM769,7,7,7,5.0,No
RM786,11,10,11,1.0,No
RM815,20,7,4,9.0,No
RM838,18,7,2,13.0,No
RM846,1,1,0,0.0,No
RM867,0,0,0,0.0,No
RM885,5,1,1,3.0,No
RM947,5,4,1,0.0,Yes
RM958,4,2,0,0.0,No
RM960,9,8,8,8.0,No
RM968,4,2,0,3.0,No
RM979,12,11,11,8.0,No
RM1030,8,7,0,7.0,No
RM1041,9,8,4,8.0,No
RM1046,3,1,1,2.0,No
RM1084,5,4,1,0.0,Yes
RM1095,8,4,7,1.0,No
RM1097,21,7,7,7.0,No
RM1099,2,2,2,2.0,No
RM1133,5,4,1,2.0,No
RM1157,18,15,14,12.0,No
RM1165,4,2,3,3.0,No
RM1172,4,2,0,3.0,Yes
RM1230,1,0,0,0.0,No
RM1243,21,8,12,8.0,No
RM1287,4,3,0,2.0,No
RM1300,5,3,0,3.0,No
RM1305,7,4,7,7.0,No
RM1349,19,7,11,16.0,No
RM1410,10,9,9,4.0,No
RM1411,11,8,5,10.0,No
RM1428,1,0,0,0.0,No
RM1456,2,2,2,2.0,No
RM1458,5,3,0,2.0,No
RM001,6,4,0,5.0,Yes
RM046,22,15,15,8.0,Yes
RM134,9,7,0,7.0,No
RM148,7,6,7,7.0,No
RM149,5,0,1,4.0,No
RM167,9,8,1,8.0,No
RM183,4,3,0,2.0,Yes
RM216,1,0,0,0.0,No
RM243,1,0,0,0.0,No
RM301,22,10,0,4.0,No
RM347,5,4,1,2.0,No
RM367,8,7,7,7.0,Yes
RM404,10,7,0,,No
RM447,14,3,1,10.0,No
RM460,8,7,0,7.0,No
RM467,18,16,11,8.0,No
RM536,21,6,12,6.0,No
RM539,22,7,2,10.0,No
RM668,7,7,1,0.0,Yes
RM687,18,13,2,17.0,No
RM717,18,16,0,11.0,No
RM738,2,2,2,1.0,No
RM747,21,16,5,10.0,No
RM784,10,6,0,8.0,No
RM831,1,0,0,0.0,No
RM865,1,0,0,0.0,Yes
RM952,19,2,11,9.0,No
RM961,9,3,1,7.0,No
RM989,6,2,3,3.0,No
RM1029,4,2,0,3.0,No
RM1197,2,0,0,2.0,No
RM1219,10,8,8,7.0,No
RM1229,3,2,1,2.0,No
RM1267,5,3,0,4.0,No
RM1295,3,2,1,2.0,No
RM1296,22,14,13,5.0,No
RM1357,5,4,1,4.0,No
RM1421,5,3,1,0.0,No
RM1446,20,7,0,10.0,No
RM1449,5,4,0,4.0,No
RM028,9,7,4,,No
RM198,5,3,0,2.0,No
RM232,22,17,11,15.0,No
RM254,3,2,0,,No
RM257,9,6,7,,No
RM282,20,16,11,6.0,No
RM296,20,4,4,8.0,No
RM349,1,0,0,0.0,No
RM351,3,2,1,0.0,No
RM357,1,0,0,0.0,No
RM389,5,2,1,2.0,No
RM410,5,4,0,2.0,No
RM414,6,5,0,4.0,No
RM442,2,2,2,0.0,No
RM452,10,9,5,8.0,No
RM489,10,2,2,2.0,No
RM548,2,2,2,2.0,Yes
RM585,24,7,14,9.0,No
RM598,4,3,0,2.0,No
RM605,9,8,7,8.0,No
RM633,2,1,2,2.0,No
RM644,5,3,1,3.0,No
RM673,5,4,0,3.0,No
RM742,1,0,0,0.0,No
RM800,22,6,13,7.0,No
RM825,1,0,0,0.0,No
RM839,21,9,13,14.0,Yes
RM840,6,4,1,5.0,No
RM879,4,3,0,3.0,No
RM888,1,0,0,0.0,No
RM926,1,0,0,0.0,No
RM955,20,8,2,10.0,No
RM1000,20,7,0,9.0,No
RM1051,12,9,5,8.0,No
RM1089,1,0,0,0.0,No
RM1094,20,8,13,9.0,No
RM1130,1,0,0,1.0,No
RM1264,5,3,0,4.0,No
RM1288,0,0,0,0.0,No
RM1321,6,3,3,3.0,No
RM1326,0,0,0,0.0,No
RM1358,13,7,5,7.0,No
RM1379,0,0,0,0.0,No
RM1405,20,9,3,7.0,No
RM1420,4,3,1,2.0,No
RM1444,22,6,4,14.0,No
RM036,5,3,1,4.0,No
RM120,25,12,4,12.0,No
RM131,3,2,1,2.0,No
RM194,5,4,2,2.0,No
RM236,17,13,1,9.0,No
RM316,8,7,1,7.0,No
RM331,9,7,0,0.0,No
RM334,1,0,0,0.0,No
RM391,25,10,3,9.0,No
RM396,3,2,1,2.0,No
RM397,5,2,0,2.0,No
RM490,1,0,0,0.0,No
RM492,8,7,4,7.0,No
RM549,2,2,2,2.0,No
RM610,4,1,1,0.0,No
RM651,5,2,2,2.0,No
RM662,1,0,0,0.0,No
RM776,1,0,0,0.0,No
RM813,8,7,0,1.0,No
RM850,4,3,1,3.0,Yes
RM899,8,7,0,7.0,No
RM927,21,7,15,17.0,No
RM996,20,7,1,8.0,No
RM1134,6,4,0,2.0,No
RM1186,14,10,6,11.0,No
RM1217,10,9,8,8.0,No
RM1263,1,0,0,0.0,Yes
RM1270,9,7,1,8.0,No
RM1294,3,2,1,2.0,No
RM1317,7,7,7,7.0,No
RM1331,16,12,6,14.0,No
RM1400,10,9,0,9.0,No
RM029,22,6,5,,No
RM032,4,2,1,3.0,No
RM053,4,3,1,3.0,No
RM100,3,2,1,2.0,No
RM287,1,0,0,0.0,Yes
RM494,2,2,0,2.0,No
RM498,2,2,0,1.0,No
RM544,5,2,1,4.0,No
RM618,5,2,2,3.0,No
RM632,3,2,0,2.0,No
RM659,8,7,7,1.0,No
RM751,12,11,11,11.0,No
RM790,20,6,3,6.0,Yes
RM858,6,4,0,2.0,Yes
RM863,0,0,0,0.0,No
RM876,20,11,13,17.0,No
RM892,10,5,7,7.0,No
RM908,22,9,3,10.0,No
RM923,25,9,14,13.0,No
RM929,10,7,0,5.0,Yes
RM954,3,2,1,2.0,Yes
RM1043,5,2,0,3.0,No
RM1047,5,2,1,3.0,No
RM1052,1,0,0,0.0,No
RM1063,2,2,2,2.0,No
RM1079,20,6,14,17.0,No
RM1141,22,7,1,10.0,No
RM1166,10,7,0,2.0,No
RM1201,2,2,2,2.0,No
RM1215,8,7,6,7.0,No
RM1280,5,3,2,3.0,Yes
RM1353,2,0,2,2.0,No
RM1436,4,3,1,2.0,No
RM068,1,0,0,0.0,No
RM078,0,0,0,,No
RM142,6,5,0,,No
RM154,17,9,0,15.0,No
RM175,5,4,0,3.0,No
RM195,20,8,11,8.0,No
RM219,19,7,12,8.0,No
RM245,24,0,1,7.0,No
RM250,3,2,0,,No
RM269,20,7,4,10.0,No
RM312,24,9,9,11.0,No
RM335,10,9,9,8.0,No
RM408,2,2,0,,No
RM453,8,7,3,7.0,No
RM505,1,1,0,0.0,Yes
RM565,8,7,3,1.0,No
RM604,1,0,0,0.0,No
RM626,5,4,0,2.0,No
RM697,9,7,0,8.0,No
RM714,5,3,0,2.0,No
RM719,9,8,0,8.0,No
RM756,9,3,1,1.0,No
RM760,6,3,0,4.0,No
RM806,15,10,4,12.0,No
RM855,3,2,0,2.0,No
RM914,24,10,1,11.0,Yes
RM937,0,0,0,0.0,No
RM1035,7,7,0,7.0,No
RM1038,3,1,1,2.0,No
RM1093,5,4,0,3.0,No
RM1100,10,8,7,7.0,No
RM1143,10,7,1,4.0,No
RM1144,10,7,4,5.0,No
RM1161,10,7,3,9.0,No
RM1222,23,15,14,4.0,No
RM1226,21,6,8,6.0,No
RM1244,5,0,0,3.0,No
RM1315,8,7,5,7.0,No
RM1347,9,8,3,8.0,No
RM1363,4,2,0,3.0,No
RM1455,5,3,0,1.0,No
RM030,2,2,2,,No
RM049,9,6,0,8.0,No
RM080,4,2,0,2.0,No
RM090,9,8,4,7.0,Yes
RM094,10,9,9,5.0,No
RM179,24,13,15,7.0,No
RM210,4,2,0,,No
RM264,7,7,7,7.0,No
RM366,1,0,0,0.0,No
RM413,10,7,0,8.0,No
RM430,3,2,0,1.0,No
RM434,3,2,1,2.0,No
RM466,2,2,1,2.0,No
RM724,8,7,0,7.0,No
RM771,2,2,2,2.0,No
RM779,16,13,1,7.0,No
RM811,12,9,4,9.0,No
RM862,26,15,15,9.0,No
RM870,4,2,0,3.0,No
RM878,6,3,1,4.0,No
RM917,11,4,0,8.0,No
RM944,7,6,5,7.0,No
RM1032,7,7,4,3.0,Yes
RM1081,13,12,5,1.0,No
RM1136,26,0,0,12.0,No
RM1232,10,7,0,9.0,No
RM1236,10,6,0,3.0,No
RM1278,2,1,2,2.0,No
RM1286,2,2,2,2.0,No
RM1299,9,7,3,7.0,Yes
RM1323,9,8,4,7.0,No
RM1328,19,17,2,8.0,No
RM1334,8,7,0,7.0,Yes
RM272,10,7,9,9.0,Yes
RM330,3,2,1,1.0,No
RM348,0,0,0,0.0,No
RM429,5,0,0,4.0,No
RM533,7,7,1,7.0,No
RM545,22,2,11,13.0,No
RM567,5,4,1,3.0,Yes
RM593,26,14,3,0.0,No
RM652,7,6,7,7.0,No
RM666,3,2,1,2.0,No
RM708,19,10,2,7.0,No
RM720,9,0,0,7.0,No
RM1021,6,5,1,2.0,No
RM1025,20,17,5,6.0,No
RM1068,5,4,1,2.0,No
RM1155,5,2,1,0.0,No
RM1195,3,2,1,2.0,No
RM1224,23,5,14,10.0,Yes
RM1235,1,0,0,0.0,No
RM1304,22,11,14,10.0,No
RM1322,2,2,2,0.0,No
RM1371,8,7,1,7.0,No
RM1415,17,14,12,11.0,No
RM1422,13,8,5,12.0,No
RM051,1,0,0,0.0,Yes
RM353,0,0,0,0.0,No
RM445,9,7,6,7.0,No
RM493,3,2,0,2.0,No
RM521,2,2,2,2.0,No
RM679,0,0,0,0.0,No
RM736,2,2,2,2.0,No
RM737,15,11,4,8.0,No
RM805,5,4,2,1.0,No
RM902,1,0,0,0.0,No
RM905,1,0,0,0.0,No
RM970,10,9,0,8.0,No
RM1039,2,2,2,2.0,No
RM1104,8,7,7,7.0,No
RM1115,8,2,7,6.0,No
RM1167,2,2,2,2.0,No
RM1205,9,7,7,7.0,Yes
RM1332,22,10,12,9.0,No
RM1352,22,17,4,7.0,No
RM002,10,7,1,7.0,No
RM130,15,11,5,11.0,No
RM202,7,7,1,7.0,No
RM291,3,2,1,2.0,No
RM317,7,1,0,7.0,No
RM376,5,2,0,0.0,No
RM474,31,9,0,9.0,No
RM608,9,8,7,7.0,Yes
RM640,4,2,0,2.0,No
RM678,26,9,1,7.0,No
RM822,9,8,2,3.0,No
RM900,1,0,0,0.0,No
RM1007,4,3,1,3.0,Yes
RM1045,3,2,1,2.0,No
RM1055,8,7,0,7.0,No
RM1072,3,2,1,2.0,No
RM1148,9,6,1,4.0,No
RM1177,4,2,1,2.0,No
RM1182,15,11,2,12.0,No
RM1193,2,2,2,2.0,No
RM1196,8,7,0,0.0,No
RM1255,5,1,0,4.0,No
RM1378,5,4,4,3.0,No
RM1469,9,6,0,8.0,No
RM1469,9,6,0,8.0,No
RM037,3,2,0,2.0,Yes
RM063,27,3,13,8.0,No
RM107,8,3,0,7.0,No
RM132,2,2,2,1.0,No
RM166,5,4,4,4.0,No
RM184,3,2,0,2.0,No
RM234,7,0,0,6.0,No
RM280,10,4,1,6.0,No
RM368,4,3,1,3.0,No
RM426,27,10,15,7.0,No
RM478,32,5,10,7.0,No
RM524,20,8,3,8.0,No
RM529,4,3,1,3.0,Yes
RM540,2,2,2,2.0,No
RM589,4,3,0,3.0,No
RM654,31,6,14,7.0,No
RM715,5,4,1,3.0,No
RM722,12,11,1,5.0,No
RM743,1,0,0,0.0,No
RM752,18,7,0,13.0,No
RM767,8,1,7,7.0,No
RM802,0,0,0,0.0,Yes
RM868,2,2,2,2.0,No
RM946,3,2,1,2.0,No
RM1087,32,6,13,9.0,No
RM1127,1,0,0,0.0,No
RM1139,30,8,12,13.0,No
RM1178,14,11,1,11.0,No
RM1453,6,3,0,1.0,Yes
RM1462,3,2,2,0.0,Yes
RM1462,3,2,2,0.0,Yes
RM088,4,2,0,3.0,No
RM092,10,7,1,0.0,No
RM111,13,12,12,8.0,No
RM124,20,18,15,15.0,No
RM137,4,2,0,3.0,Yes
RM157,1,0,0,0.0,No
RM190,7,7,1,0.0,No
RM214,10,9,4,7.0,No
RM259,1,0,0,,No
RM300,4,1,1,2.0,No
RM377,7,7,0,7.0,No
RM617,20,6,4,17.0,No
RM780,10,0,2,7.0,Yes
RM919,29,10,11,10.0,No
RM931,7,0,7,7.0,No
RM963,33,9,0,10.0,No
RM972,5,2,0,3.0,No
RM988,4,2,3,2.0,No
RM1276,2,2,2,2.0,No
RM191,33,18,11,9.0,No
RM231,2,2,2,2.0,No
RM238,33,7,15,12.0,No
RM318,8,2,7,7.0,Yes
RM407,5,4,0,,No
RM409,5,2,1,4.0,No
RM469,10,9,6,9.0,No
RM562,34,6,1,16.0,No
RM571,4,3,1,2.0,No
RM588,5,2,1,4.0,No
RM628,9,8,0,0.0,No
RM700,9,8,7,8.0,No
RM750,32,14,6,9.0,Yes
RM807,8,6,4,0.0,No
RM948,8,7,7,7.0,Yes
RM995,5,3,0,2.0,No
RM1001,5,4,0,4.0,No
RM1435,9,8,0,0.0,No
RM019,25,8,3,7.0,No
RM026,14,13,4,,No
RM153,7,7,4,5.0,No
RM185,4,2,1,3.0,No
RM281,5,3,1,3.0,No
RM503,14,7,8,10.0,No
RM535,5,1,1,3.0,No
RM557,2,2,2,2.0,No
RM625,5,2,0,4.0,No
RM647,2,0,2,2.0,No
RM650,12,9,3,8.0,No
RM702,17,13,15,2.0,No
RM761,15,7,6,12.0,No
RM859,7,7,4,7.0,No
RM1044,9,8,8,8.0,No
RM1112,33,7,1,9.0,Yes
RM1204,4,3,1,2.0,No
RM1269,3,2,0,2.0,No
RM1397,2,2,2,2.0,Yes
RM096,4,3,0,3.0,No
RM113,5,3,4,4.0,No
RM220,6,2,0,5.0,No
RM333,4,3,0,3.0,No
RM393,4,2,1,2.0,No
RM432,1,0,0,0.0,No
RM511,9,7,7,1.0,No
RM576,5,3,1,4.0,No
RM729,10,7,0,8.0,No
RM772,9,4,7,0.0,No
RM891,5,4,1,4.0,No
RM895,10,9,0,9.0,No
RM1009,20,7,12,7.0,No
RM1077,14,9,1,12.0,No
RM1185,10,8,4,7.0,No
RM1306,7,1,1,7.0,No
RM1398,4,3,2,3.0,No
RM1407,5,2,1,4.0,No
RM066,5,0,0,2.0,No
RM083,1,0,1,0.0,No
RM188,24,15,2,15.0,No
RM271,36,10,4,13.0,No
RM284,10,7,0,8.0,No
RM380,5,4,1,2.0,No
RM446,10,9,7,7.0,No
RM569,5,2,1,4.0,Yes
RM609,9,7,7,3.0,Yes
RM746,8,7,6,7.0,No
RM775,9,7,6,2.0,No
RM788,3,2,1,2.0,No
RM915,33,9,15,0.0,No
RM956,19,9,9,11.0,No
RM976,19,7,3,8.0,Yes
RM1011,7,7,0,0.0,No
RM1066,3,2,1,2.0,No
RM1117,36,6,2,13.0,No
RM1208,4,2,1,2.0,No
RM1265,1,0,0,0.0,No
RM1337,5,2,0,4.0,No
RM1402,10,9,1,4.0,No
RM086,6,4,0,2.0,No
RM123,5,4,4,3.0,Yes
RM176,2,2,2,2.0,No
RM402,7,7,7,7.0,No
RM553,10,7,1,1.0,No
RM773,5,4,0,3.0,No
RM852,5,2,4,2.0,No
RM957,7,3,7,7.0,No
RM977,19,16,15,9.0,No
RM1024,3,2,1,0.0,No
RM1355,4,2,1,0.0,Yes
RM1372,0,0,0,0.0,No
RM1442,13,12,1,9.0,No
RM1445,10,9,9,8.0,Yes
RM164,5,3,1,4.0,No
RM361,3,2,1,,No
RM425,1,0,0,0.0,No
RM1054,12,9,2,8.0,No
RM099,37,10,1,8.0,No
RM127,40,10,15,6.0,Yes
RM158,1,0,0,0.0,No
RM309,5,3,1,2.0,No
RM596,31,15,13,8.0,Yes
RM661,1,0,0,0.0,Yes
RM675,6,0,0,4.0,No
RM701,1,0,0,0.0,Yes
RM939,2,2,2,2.0,No
RM967,10,9,5,9.0,Yes
RM1010,9,8,1,5.0,No
RM1302,16,9,14,14.0,No
RM1311,2,2,2,2.0,No
RM1375,1,0,0,0.0,No
RM007,1,0,0,,No
RM064,21,16,7,9.0,No
RM071,4,3,1,,No
RM106,3,2,2,2.0,No
RM226,1,0,0,0.0,No
RM233,2,2,2,2.0,No
RM744,5,3,4,3.0,No
RM759,6,4,0,4.0,No
RM898,6,1,0,5.0,No
RM920,9,7,5,4.0,No
RM412,29,8,11,10.0,No
RM428,18,13,13,11.0,No
RM537,2,2,2,2.0,No
RM880,11,7,1,9.0,No
RM1210,1,0,0,0.0,No
