EmpID,Age,Gender,Education,Department,JobRole,MaritalStatus
RM297,18,Male,3,Research & Development,Laboratory Technician,Single
RM302,18,Female,3,Sales,Sales Representative,Single
RM458,18,Male,3,Sales,Sales Representative,Single
RM728,18,Male,2,Research & Development,Research Scientist,Single
RM829,18,Male,1,Research & Development,Laboratory Technician,Single
RM973,18,Female,3,Research & Development,Laboratory Technician,Single
RM1154,18,Female,2,Sales,Sales Representative,Single
RM1312,18,Female,3,Research & Development,Research Scientist,Single
RM128,19,Male,1,Sales,Sales Representative,Single
RM150,19,Female,1,Research & Development,Laboratory Technician,Single
RM172,19,Female,1,Sales,Sales Representative,Single
RM178,19,Male,3,Research & Development,Laboratory Technician,Single
RM423,19,Male,2,Human Resources,Human Resources,Single
RM689,19,Male,3,Sales,Sales Representative,Single
RM854,19,Male,2,Research & Development,Research Scientist,Single
RM893,19,Female,3,Research & Development,Research Scientist,Single
RM910,19,Female,3,Research & Development,Research Scientist,Single
RM103,20,Female,3,Research & Development,Laboratory Technician,Single
RM488,20,Female,3,Research & Development,Research Scientist,Single
RM514,20,Male,1,Research & Development,Research Scientist,Single
RM663,20,Female,3,Sales,Sales Representative,Single
RM690,20,Male,3,Research & Development,Laboratory Technician,Single
RM732,20,Female,3,Research & Development,Research Scientist,Single
RM777,20,Female,3,Sales,Sales Representative,Single
RM857,20,Male,3,Research & Development,Laboratory Technician,Single
RM877,20,Male,3,Sales,Sales Representative,Single
RM1179,20,Female,3,Sales,Sales Representative,Single
RM1198,20,Male,1,Sales,Sales Representative,Single
RM024,21,Male,2,Research & Development,Research Scientist,Single
RM275,21,Male,2,Research & Development,Research Scientist,Single
RM358,21,Female,1,Sales,Sales Representative,Single
RM363,21,Male,2,Sales,Sales Representative,Single
RM371,21,Female,3,Sales,Sales Representative,Single
RM497,21,Male,1,Sales,Sales Representative,Single
RM664,21,Female,1,Research & Development,Research Scientist,Single
RM778,21,Female,3,Research & Development,Laboratory Technician,Single
RM816,21,Female,1,Research & Development,Research Scientist,Single
RM916,21,Female,2,Research & Development,Laboratory Technician,Single
RM1153,21,Male,1,Research & Development,Research Scientist,Single
RM1272,21,Male,1,Sales,Sales Representative,Single
RM1437,21,Male,1,Sales,Sales Representative,Single
RM018,22,Male,2,Research & Development,Laboratory Technician,Divorced
RM110,22,Female,3,Research & Development,Laboratory Technician,Single
RM129,22,Male,1,Research & Development,Laboratory Technician,Married
RM161,22,Male,1,Research & Development,Research Scientist,Married
RM207,22,Male,3,Research & Development,Research Scientist,Divorced
RM384,22,Female,3,Research & Development,Research Scientist,Married
RM444,22,Male,1,Research & Development,Laboratory Technician,Single
RM499,22,Male,1,Research & Development,Research Scientist,Married
RM631,22,Male,2,Research & Development,Manufacturing Director,Married
RM667,22,Female,1,Research & Development,Manufacturing Director,Married
RM735,22,Male,1,Research & Development,Laboratory Technician,Married
RM861,22,Male,4,Research & Development,Research Scientist,Married
RM1138,22,Female,2,Research & Development,Research Scientist,Married
RM1274,22,Female,1,Research & Development,Laboratory Technician,Married
RM1340,22,Male,1,Research & Development,Research Scientist,Single
RM1424,22,Male,2,Research & Development,Research Scientist,Single
RM087,23,Male,1,Sales,Sales Representative,Divorced
RM346,23,Male,1,Research & Development,Research Scientist,Divorced
RM517,23,Male,3,Research & Development,Research Scientist,Married
RM551,23,Male,1,Research & Development,Laboratory Technician,Married
RM566,23,Male,1,Research & Development,Research Scientist,Single
RM586,23,Male,3,Research & Development,Laboratory Technician,Married
RM911,23,Male,2,Research & Development,Research Scientist,Married
RM1083,23,Male,1,Research & Development,Laboratory Technician,Single
RM1128,23,Male,3,Research & Development,Research Scientist,Married
RM1202,23,Male,1,Research & Development,Laboratory Technician,Single
RM1214,23,Male,3,Sales,Sales Representative,Divorced
RM1239,23,Female,1,Research & Development,Laboratory Technician,Single
RM1409,23,Male,2,Research & Development,Laboratory Technician,Single
RM1439,23,Male,3,Sales,Sales Representative,Married
RM021,24,Female,2,Research & Development,Manufacturing Director,Divorced
RM035,24,Male,3,Research & Development,Research Scientist,Married
RM097,24,Female,2,Sales,Sales Executive,Married
RM114,24,Male,1,Research & Development,Laboratory Technician,Married
RM381,24,Female,4,Sales,Sales Executive,Divorced
RM415,24,Female,1,Sales,Sales Representative,Single
RM471,24,Male,3,Sales,Sales Representative,Married
RM475,24,Male,3,Research & Development,Research Scientist,Married
RM477,24,Male,2,Research & Development,Laboratory Technician,Married
RM480,24,Female,3,Research & Development,Laboratory Technician,Married
RM526,24,Female,2,Sales,Sales Executive,Single
RM587,24,Male,3,Research & Development,Laboratory Technician,Divorced
RM641,24,Male,1,Research & Development,Laboratory Technician,Married
RM725,24,Female,1,Research & Development,Manufacturing Director,Divorced
RM842,24,Male,3,Research & Development,Laboratory Technician,Single
RM872,24,Female,2,Research & Development,Laboratory Technician,Married
RM1026,24,Female,1,Sales,Sales Executive,Married
RM1061,24,Male,3,Research & Development,Laboratory Technician,Single
RM1062,24,Female,2,Sales,Sales Representative,Married
RM1098,24,Male,2,Research & Development,Laboratory Technician,Divorced
RM1169,24,Female,1,Research & Development,Research Scientist,Single
RM1218,24,Male,3,Research & Development,Research Scientist,Married
RM1223,24,Male,1,Human Resources,Human Resources,Married
RM1231,24,Male,1,Research & Development,Laboratory Technician,Divorced
RM1246,24,Male,3,Human Resources,Human Resources,Married
RM1408,24,Male,2,Research & Development,Healthcare Representative,Single
RM108,25,Male,3,Sales,Sales Executive,Single
RM109,25,Male,1,Research & Development,Research Scientist,Married
RM139,25,Male,3,Sales,Sales Executive,Married
RM256,25,Female,3,Research & Development,Manufacturing Director,Married
RM268,25,Male,2,Research & Development,Healthcare Representative,Divorced
RM398,25,Female,2,Sales,Sales Executive,Single
RM406,25,Male,3,Research & Development,Laboratory Technician,Married
RM479,25,Male,1,Sales,Sales Representative,Married
RM518,25,Male,3,Sales,Sales Executive,Married
RM564,25,Female,1,Sales,Sales Executive,Single
RM619,25,Male,1,Research & Development,Research Scientist,Single
RM635,25,Male,1,Sales,Sales Executive,Married
RM639,25,Male,1,Sales,Sales Executive,Married
RM684,25,Male,2,Sales,Sales Representative,Married
RM797,25,Male,1,Research & Development,Laboratory Technician,Married
RM886,25,Male,4,Sales,Sales Executive,Single
RM912,25,Male,1,Sales,Sales Representative,Single
RM935,25,Female,3,Research & Development,Research Scientist,Single
RM966,25,Male,1,Research & Development,Laboratory Technician,Married
RM994,25,Male,1,Sales,Sales Executive,Married
RM1004,25,Male,3,Research & Development,Laboratory Technician,Married
RM1022,25,Male,2,Sales,Sales Representative,Married
RM1175,25,Male,1,Research & Development,Manufacturing Director,Divorced
RM1412,25,Female,3,Human Resources,Human Resources,Married
RM1414,25,Male,1,Research & Development,Laboratory Technician,Divorced
RM1434,25,Female,2,Sales,Sales Executive,Divorced
RM043,26,Male,3,Research & Development,Laboratory Technician,Single
RM055,26,Female,3,Sales,Sales Executive,Married
RM126,26,Female,3,Research & Development,Research Scientist,Married
RM135,26,Female,1,Human Resources,Human Resources,Married
RM279,26,Female,3,Research & Development,Manufacturing Director,Divorced
RM285,26,Male,2,Research & Development,Healthcare Representative,Married
RM289,26,Male,4,Research & Development,Laboratory Technician,Divorced
RM294,26,Male,4,Sales,Sales Executive,Single
RM356,26,Male,3,Sales,Sales Executive,Married
RM383,26,Male,1,Research & Development,Research Scientist,Single
RM419,26,Female,3,Research & Development,Research Scientist,Divorced
RM454,26,Female,4,Human Resources,Human Resources,Divorced
RM461,26,Male,2,Sales,Sales Executive,Divorced
RM464,26,Male,3,Research & Development,Laboratory Technician,Single
RM476,26,Male,2,Sales,Sales Executive,Married
RM506,26,Female,3,Research & Development,Laboratory Technician,Married
RM572,26,Female,2,Research & Development,Laboratory Technician,Divorced
RM574,26,Male,3,Sales,Sales Executive,Single
RM615,26,Female,2,Research & Development,Research Scientist,Married
RM686,26,Male,3,Sales,Sales Executive,Single
RM734,26,Male,2,Research & Development,Manufacturing Director,Married
RM749,26,Male,2,Sales,Sales Executive,Single
RM763,26,Male,3,Research & Development,Research Scientist,Married
RM770,26,Female,1,Research & Development,Research Scientist,Divorced
RM782,26,Male,2,Research & Development,Laboratory Technician,Married
RM798,26,Male,3,Research & Development,Laboratory Technician,Divorced
RM844,26,Male,4,Research & Development,Laboratory Technician,Married
RM913,26,Male,2,Research & Development,Research Scientist,Single
RM999,26,Male,1,Research & Development,Research Scientist,Single
RM1005,26,Male,3,Research & Development,Laboratory Technician,Single
RM1119,26,Female,3,Research & Development,Research Scientist,Married
RM1207,26,Male,3,Research & Development,Laboratory Technician,Single
RM1225,26,Male,4,Research & Development,Laboratory Technician,Married
RM1298,26,Female,2,Human Resources,Human Resources,Married
RM1310,26,Male,3,Sales,Sales Executive,Single
RM1350,26,Female,2,Research & Development,Research Scientist,Married
RM1362,26,Male,3,Research & Development,Laboratory Technician,Married
RM1387,26,Male,3,Research & Development,Laboratory Technician,Single
RM1465,26,Female,3,Sales,Sales Representative,Single
RM1465,26,Female,3,Sales,Sales Representative,Single
RM005,27,Male,1,Research & Development,Laboratory Technician,Married
RM042,27,Female,4,Research & Development,Laboratory Technician,Divorced
RM044,27,Male,3,Sales,Sales Executive,Single
RM162,27,Male,3,Research & Development,Research Scientist,Divorced
RM165,27,Male,3,Research & Development,Research Scientist,Divorced
RM171,27,Male,3,Research & Development,Research Scientist,Married
RM192,27,Female,3,Research & Development,Research Scientist,Single
RM201,27,Male,1,Research & Development,Manufacturing Director,Married
RM213,27,Female,3,Sales,Sales Executive,Single
RM319,27,Female,3,Research & Development,Research Scientist,Single
RM321,27,Male,3,Sales,Sales Executive,Single
RM332,27,Male,1,Sales,Sales Executive,Married
RM340,27,Female,4,Sales,Sales Executive,Married
RM374,27,Male,2,Research & Development,Laboratory Technician,Divorced
RM486,27,Female,4,Research & Development,Research Scientist,Divorced
RM496,27,Male,1,Sales,Sales Representative,Divorced
RM513,27,Male,4,Research & Development,Research Scientist,Single
RM522,27,Female,1,Sales,Sales Executive,Divorced
RM531,27,Female,2,Research & Development,Manufacturing Director,Married
RM538,27,Male,2,Research & Development,Manufacturing Director,Divorced
RM555,27,Female,3,Research & Development,Healthcare Representative,Single
RM577,27,Male,1,Sales,Sales Executive,Married
RM611,27,Male,1,Research & Development,Research Director,Divorced
RM616,27,Male,3,Research & Development,Research Scientist,Married
RM671,27,Female,3,Research & Development,Research Scientist,Single
RM718,27,Female,4,Research & Development,Laboratory Technician,Married
RM740,27,Female,4,Research & Development,Manufacturing Director,Married
RM787,27,Male,5,Research & Development,Laboratory Technician,Married
RM834,27,Male,3,Research & Development,Research Scientist,Married
RM890,27,Male,3,Research & Development,Research Scientist,Married
RM903,27,Male,2,Research & Development,Research Scientist,Divorced
RM971,27,Female,3,Sales,Sales Representative,Married
RM975,27,Male,1,Sales,Sales Executive,Single
RM997,27,Female,3,Sales,Sales Executive,Married
RM998,27,Female,4,Research & Development,Research Scientist,Single
RM1018,27,Male,1,Research & Development,Laboratory Technician,Married
RM1150,27,Male,3,Research & Development,Laboratory Technician,Divorced
RM1170,27,Female,3,Research & Development,Research Scientist,Married
RM1171,27,Male,3,Research & Development,Research Scientist,Single
RM1249,27,Female,3,Research & Development,Research Scientist,Single
RM1318,27,Female,2,Research & Development,Laboratory Technician,Single
RM1329,27,Female,1,Sales,Sales Representative,Married
RM1335,27,Female,3,Research & Development,Research Scientist,Married
RM1351,27,Female,2,Sales,Sales Executive,Single
RM1368,27,Male,4,Research & Development,Research Scientist,Married
RM1380,27,Female,3,Human Resources,Human Resources,Married
RM1394,27,Male,3,Sales,Sales Executive,Single
RM1468,27,Male,3,Research & Development,Manufacturing Director,Married
RM1468,27,Male,3,Research & Development,Manufacturing Director,Married
RM015,28,Male,3,Research & Development,Laboratory Technician,Single
RM052,28,Male,4,Research & Development,Laboratory Technician,Single
RM098,28,Male,3,Sales,Sales Executive,Married
RM163,28,Male,3,Research & Development,Research Scientist,Married
RM265,28,Male,4,Research & Development,Laboratory Technician,Single
RM273,28,Male,3,Research & Development,Research Scientist,Married
RM290,28,Female,2,Research & Development,Research Scientist,Single
RM303,28,Male,2,Research & Development,Healthcare Representative,Single
RM324,28,Male,4,Research & Development,Research Scientist,Married
RM375,28,Male,4,Sales,Sales Executive,Single
RM405,28,Male,2,Research & Development,Laboratory Technician,Divorced
RM541,28,Female,2,Research & Development,Research Scientist,Single
RM599,28,Male,4,Research & Development,Research Scientist,Single
RM613,28,Female,4,Sales,Sales Executive,Married
RM630,28,Male,2,Human Resources,Human Resources,Divorced
RM660,28,Male,4,Sales,Sales Executive,Single
RM669,28,Female,3,Research & Development,Research Scientist,Divorced
RM765,28,Male,1,Sales,Sales Representative,Married
RM781,28,Male,2,Research & Development,Healthcare Representative,Single
RM789,28,Female,3,Research & Development,Research Scientist,Single
RM794,28,Male,2,Research & Development,Laboratory Technician,Divorced
RM801,28,Male,3,Research & Development,Laboratory Technician,Divorced
RM810,28,Female,3,Research & Development,Manufacturing Director,Divorced
RM820,28,Male,1,Research & Development,Research Scientist,Married
RM828,28,Male,3,Research & Development,Research Scientist,Divorced
RM843,28,Female,1,Research & Development,Laboratory Technician,Married
RM869,28,Male,4,Research & Development,Laboratory Technician,Married
RM922,28,Male,4,Research & Development,Laboratory Technician,Single
RM930,28,Male,3,Research & Development,Laboratory Technician,Married
RM934,28,Male,3,Research & Development,Research Scientist,Single
RM945,28,Female,3,Research & Development,Laboratory Technician,Married
RM985,28,Male,3,Sales,Sales Executive,Married
RM1042,28,Male,3,Sales,Sales Executive,Single
RM1057,28,Male,3,Sales,Sales Representative,Married
RM1069,28,Male,2,Research & Development,Laboratory Technician,Single
RM1070,28,Male,3,Research & Development,Research Scientist,Divorced
RM1071,28,Male,3,Sales,Sales Executive,Single
RM1074,28,Male,1,Research & Development,Manufacturing Director,Married
RM1137,28,Male,3,Research & Development,Laboratory Technician,Married
RM1152,28,Female,3,Research & Development,Manufacturing Director,Divorced
RM1284,28,Male,3,Research & Development,Research Scientist,Married
RM1308,28,Female,3,Research & Development,Research Scientist,Married
RM1324,28,Male,2,Human Resources,Human Resources,Divorced
RM1338,28,Female,3,Sales,Sales Representative,Married
RM1365,28,Male,2,Sales,Sales Executive,Married
RM1370,28,Female,2,Sales,Sales Executive,Single
RM1382,28,Male,3,Research & Development,Research Scientist,Single
RM1391,28,Male,3,Research & Development,Laboratory Technician,Divorced
RM012,29,Female,2,Research & Development,Laboratory Technician,Single
RM016,29,Female,4,Research & Development,Manufacturing Director,Divorced
RM072,29,Male,3,Research & Development,Research Scientist,Married
RM156,29,Male,1,Research & Development,Manufacturing Director,Married
RM206,29,Female,3,Sales,Sales Executive,Married
RM218,29,Male,3,Research & Development,Research Scientist,Single
RM228,29,Female,1,Sales,Sales Executive,Married
RM230,29,Male,1,Research & Development,Research Scientist,Single
RM253,29,Male,3,Research & Development,Research Scientist,Single
RM255,29,Male,2,Sales,Sales Executive,Divorced
RM266,29,Male,3,Sales,Sales Executive,Married
RM283,29,Male,2,Sales,Sales Executive,Single
RM337,29,Male,4,Research & Development,Laboratory Technician,Married
RM338,29,Male,5,Research & Development,Laboratory Technician,Single
RM344,29,Female,1,Sales,Sales Executive,Divorced
RM350,29,Male,3,Sales,Sales Executive,Married
RM372,29,Male,3,Research & Development,Research Scientist,Single
RM421,29,Male,4,Research & Development,Research Director,Married
RM422,29,Female,5,Research & Development,Research Scientist,Married
RM455,29,Male,3,Research & Development,Manufacturing Director,Divorced
RM508,29,Female,2,Sales,Sales Executive,Married
RM520,29,Male,4,Research & Development,Research Scientist,Divorced
RM547,29,Male,3,Sales,Sales Representative,Single
RM556,29,Male,3,Sales,Sales Representative,Divorced
RM573,29,Female,3,Research & Development,Healthcare Representative,Married
RM590,29,Female,2,Research & Development,Laboratory Technician,Married
RM595,29,Male,2,Research & Development,Research Scientist,Married
RM646,29,Female,3,Sales,Sales Representative,Divorced
RM658,29,Female,1,Research & Development,Laboratory Technician,Divorced
RM698,29,Female,3,Sales,Sales Representative,Married
RM712,29,Female,3,Research & Development,Research Scientist,Single
RM809,29,Female,4,Research & Development,Research Scientist,Divorced
RM824,29,Female,3,Research & Development,Research Scientist,Divorced
RM826,29,Male,1,Research & Development,Manufacturing Director,Married
RM837,29,Female,1,Sales,Sales Executive,Married
RM853,29,Female,1,Research & Development,Laboratory Technician,Married
RM860,29,Female,1,Research & Development,Research Scientist,Married
RM894,29,Female,3,Research & Development,Research Scientist,Divorced
RM904,29,Male,3,Research & Development,Healthcare Representative,Divorced
RM906,29,Female,3,Research & Development,Research Director,Divorced
RM933,29,Female,3,Research & Development,Laboratory Technician,Divorced
RM1006,29,Male,3,Human Resources,Human Resources,Single
RM1008,29,Female,1,Research & Development,Healthcare Representative,Single
RM1058,29,Female,3,Sales,Sales Executive,Single
RM1064,29,Male,3,Sales,Sales Executive,Divorced
RM1073,29,Female,1,Research & Development,Laboratory Technician,Married
RM1078,29,Male,4,Research & Development,Research Scientist,Single
RM1091,29,Female,1,Research & Development,Healthcare Representative,Married
RM1105,29,Male,3,Research & Development,Research Scientist,Married
RM1123,29,Male,1,Research & Development,Laboratory Technician,Single
RM1126,29,Male,1,Research & Development,Healthcare Representative,Divorced
RM1173,29,Male,3,Sales,Sales Executive,Single
RM1189,29,Male,3,Sales,Sales Executive,Divorced
RM1220,29,Female,4,Research & Development,Laboratory Technician,Married
RM1250,29,Female,3,Sales,Sales Representative,Single
RM1251,29,Male,3,Research & Development,Healthcare Representative,Single
RM1259,29,Female,3,Research & Development,Research Scientist,Divorced
RM1314,29,Male,3,Human Resources,Human Resources,Divorced
RM1319,29,Male,1,Research & Development,Laboratory Technician,Married
RM1325,29,Male,1,Research & Development,Healthcare Representative,Divorced
RM1330,29,Male,1,Human Resources,Human Resources,Married
RM1333,29,Male,2,Research & Development,Research Scientist,Single
RM1344,29,Male,3,Research & Development,Laboratory Technician,Single
RM1366,29,Male,3,Sales,Sales Representative,Single
RM1388,29,Male,3,Research & Development,Healthcare Representative,Married
RM1443,29,Male,4,Research & Development,Research Scientist,Married
RM1460,29,Male,2,Research & Development,Laboratory Technician,Married
RM1461,29,Female,4,Research & Development,Research Scientist,Single
RM1461,29,Female,4,Research & Development,Research Scientist,Single
RM008,30,Male,1,Research & Development,Laboratory Technician,Divorced
RM033,30,Male,2,Research & Development,Laboratory Technician,Single
RM045,30,Female,2,Research & Development,Laboratory Technician,Single
RM081,30,Male,1,Research & Development,Laboratory Technician,Married
RM089,30,Male,3,Research & Development,Healthcare Representative,Married
RM093,30,Female,2,Sales,Sales Executive,Divorced
RM121,30,Male,3,Research & Development,Research Scientist,Divorced
RM140,30,Male,3,Human Resources,Human Resources,Married
RM144,30,Female,3,Research & Development,Research Scientist,Single
RM146,30,Female,3,Research & Development,Research Scientist,Divorced
RM147,30,Male,1,Research & Development,Laboratory Technician,Single
RM168,30,Female,3,Sales,Sales Executive,Married
RM174,30,Male,3,Research & Development,Laboratory Technician,Divorced
RM212,30,Male,1,Research & Development,Manufacturing Director,Single
RM215,30,Female,3,Research & Development,Research Scientist,Single
RM217,30,Female,4,Sales,Sales Executive,Single
RM325,30,Female,2,Research & Development,Research Scientist,Married
RM339,30,Female,3,Sales,Sales Executive,Divorced
RM355,30,Female,2,Sales,Sales Executive,Married
RM382,30,Male,1,Sales,Sales Representative,Married
RM386,30,Male,3,Research & Development,Research Scientist,Single
RM403,30,Female,3,Sales,Sales Executive,Single
RM411,30,Female,3,Research & Development,Manufacturing Director,Single
RM420,30,Male,3,Research & Development,Laboratory Technician,Married
RM424,30,Female,4,Sales,Sales Executive,Married
RM427,30,Female,3,Research & Development,Laboratory Technician,Single
RM438,30,Male,1,Sales,Sales Representative,Single
RM481,30,Male,4,Sales,Sales Representative,Married
RM502,30,Female,3,Research & Development,Research Scientist,Divorced
RM546,30,Male,5,Sales,Sales Executive,Divorced
RM582,30,Male,3,Research & Development,Laboratory Technician,Married
RM603,30,Female,3,Research & Development,Manufacturing Director,Single
RM624,30,Male,4,Research & Development,Research Scientist,Divorced
RM703,30,Male,2,Sales,Sales Executive,Divorced
RM721,30,Female,3,Research & Development,Research Scientist,Married
RM731,30,Female,2,Research & Development,Research Director,Married
RM733,30,Female,3,Research & Development,Laboratory Technician,Single
RM783,30,Male,3,Research & Development,Manufacturing Director,Married
RM845,30,Male,3,Sales,Sales Executive,Married
RM866,30,Male,4,Sales,Sales Executive,Divorced
RM875,30,Male,4,Research & Development,Laboratory Technician,Divorced
RM887,30,Male,3,Research & Development,Research Scientist,Married
RM932,30,Female,2,Research & Development,Manufacturing Director,Single
RM942,30,Female,3,Research & Development,Laboratory Technician,Married
RM949,30,Female,4,Research & Development,Manager,Married
RM1014,30,Female,4,Sales,Sales Executive,Divorced
RM1050,30,Male,1,Sales,Sales Executive,Married
RM1053,30,Male,3,Research & Development,Research Scientist,Divorced
RM1065,30,Male,3,Human Resources,Human Resources,Divorced
RM1107,30,Male,3,Sales,Sales Executive,Married
RM1110,30,Male,4,Sales,Sales Executive,Married
RM1142,30,Male,3,Research & Development,Research Scientist,Married
RM1234,30,Male,1,Research & Development,Research Scientist,Married
RM1245,30,Female,4,Research & Development,Research Scientist,Single
RM1247,30,Female,3,Human Resources,Human Resources,Divorced
RM1252,30,Male,2,Sales,Sales Executive,Divorced
RM1260,30,Male,3,Research & Development,Healthcare Representative,Married
RM1297,30,Female,3,Research & Development,Manufacturing Director,Single
RM1339,30,Male,3,Sales,Sales Representative,Single
RM1413,30,Male,2,Research & Development,Laboratory Technician,Married
RM013,31,Male,1,Research & Development,Research Scientist,Divorced
RM059,31,Male,4,Research & Development,Laboratory Technician,Divorced
RM073,31,Male,4,Research & Development,Research Scientist,Single
RM076,31,Female,4,Research & Development,Manufacturing Director,Single
RM125,31,Male,4,Sales,Sales Executive,Married
RM133,31,Female,3,Sales,Sales Executive,Married
RM181,31,Female,1,Research & Development,Research Scientist,Married
RM225,31,Male,4,Research & Development,Manufacturing Director,Married
RM246,31,Male,4,Research & Development,Research Director,Divorced
RM260,31,Male,2,Research & Development,Laboratory Technician,Single
RM267,31,Male,3,Research & Development,Healthcare Representative,Married
RM293,31,Female,3,Sales,Sales Representative,Divorced
RM304,31,Male,3,Sales,Sales Executive,Married
RM310,31,Male,4,Research & Development,Research Scientist,Married
RM311,31,Male,3,Human Resources,Human Resources,Married
RM313,31,Male,4,Research & Development,Research Scientist,Divorced
RM322,31,Male,3,Sales,Sales Executive,Divorced
RM326,31,Female,2,Research & Development,Manufacturing Director,Married
RM343,31,Female,4,Research & Development,Manufacturing Director,Single
RM370,31,Male,4,Research & Development,Research Scientist,Single
RM395,31,Female,2,Research & Development,Manufacturing Director,Married
RM400,31,Male,2,Research & Development,Laboratory Technician,Married
RM435,31,Male,1,Research & Development,Manufacturing Director,Divorced
RM440,31,Male,3,Research & Development,Healthcare Representative,Married
RM451,31,Male,1,Sales,Sales Executive,Single
RM457,31,Male,3,Sales,Manager,Divorced
RM483,31,Male,4,Sales,Sales Executive,Divorced
RM485,31,Male,4,Sales,Sales Executive,Divorced
RM645,31,Male,4,Research & Development,Research Scientist,Married
RM676,31,Male,4,Sales,Sales Representative,Married
RM680,31,Female,2,Sales,Sales Executive,Married
RM691,31,Female,3,Research & Development,Healthcare Representative,Married
RM710,31,Male,2,Research & Development,Research Scientist,Single
RM727,31,Female,1,Research & Development,Manufacturing Director,Married
RM819,31,Male,3,Sales,Sales Representative,Married
RM832,31,Male,3,Research & Development,Laboratory Technician,Married
RM896,31,Male,2,Research & Development,Healthcare Representative,Married
RM897,31,Female,3,Research & Development,Healthcare Representative,Single
RM951,31,Female,4,Sales,Sales Executive,Divorced
RM953,31,Female,3,Sales,Sales Representative,Single
RM981,31,Female,3,Sales,Sales Representative,Single
RM986,31,Male,4,Research & Development,Manufacturing Director,Married
RM1013,31,Female,4,Sales,Sales Representative,Single
RM1015,31,Female,5,Research & Development,Research Director,Single
RM1017,31,Female,3,Research & Development,Research Scientist,Single
RM1031,31,Male,2,Sales,Sales Executive,Divorced
RM1034,31,Female,5,Research & Development,Manufacturing Director,Single
RM1036,31,Female,2,Human Resources,Human Resources,Single
RM1037,31,Male,3,Research & Development,Laboratory Technician,Married
RM1086,31,Female,3,Research & Development,Research Scientist,Single
RM1145,31,Male,4,Sales,Sales Executive,Single
RM1192,31,Female,4,Sales,Sales Executive,Married
RM1228,31,Male,4,Research & Development,Laboratory Technician,Married
RM1240,31,Female,1,Research & Development,Manufacturing Director,Single
RM1248,31,Male,3,Sales,Sales Executive,Married
RM1258,31,Male,4,Sales,Sales Executive,Married
RM1275,31,Female,4,Sales,Sales Executive,Married
RM1307,31,Female,4,Sales,Sales Executive,Married
RM1313,31,Male,5,Human Resources,Human Resources,Married
RM1342,31,Male,3,Research & Development,Laboratory Technician,Divorced
RM1359,31,Female,2,Sales,Sales Executive,Divorced
RM1361,31,Female,3,Research & Development,Laboratory Technician,Divorced
RM1383,31,Male,2,Research & Development,Research Scientist,Divorced
RM1390,31,Male,3,Research & Development,Research Scientist,Married
RM1396,31,Male,4,Sales,Sales Executive,Married
RM1403,31,Female,1,Research & Development,Laboratory Technician,Divorced
RM1406,31,Female,3,Research & Development,Research Director,Married
RM1418,31,Male,2,Sales,Sales Representative,Married
RM1464,31,Male,3,Research & Development,Manufacturing Director,Single
RM1464,31,Male,3,Research & Development,Manufacturing Director,Single
RM006,32,Male,2,Research & Development,Laboratory Technician,Single
RM017,32,Male,2,Research & Development,Research Scientist,Divorced
RM027,32,Female,1,Research & Development,Research Scientist,Single
RM061,32,Male,3,Research & Development,Manufacturing Director,Married
RM074,32,Male,3,Research & Development,Research Scientist,Married
RM095,32,Male,4,Sales,Sales Executive,Single
RM102,32,Male,1,Research & Development,Research Scientist,Single
RM141,32,Female,3,Research & Development,Laboratory Technician,Single
RM145,32,Male,2,Sales,Sales Executive,Divorced
RM155,32,Female,3,Sales,Sales Executive,Single
RM170,32,Male,5,Research & Development,Research Scientist,Single
RM211,32,Male,4,Sales,Sales Executive,Married
RM239,32,Female,2,Sales,Sales Representative,Married
RM240,32,Male,3,Research & Development,Laboratory Technician,Single
RM242,32,Male,4,Sales,Sales Executive,Married
RM261,32,Male,3,Research & Development,Laboratory Technician,Married
RM263,32,Male,1,Research & Development,Laboratory Technician,Single
RM307,32,Male,3,Sales,Sales Executive,Married
RM320,32,Female,2,Sales,Sales Executive,Married
RM323,32,Female,4,Research & Development,Research Scientist,Single
RM352,32,Female,3,Research & Development,Laboratory Technician,Married
RM470,32,Male,4,Sales,Sales Executive,Married
RM501,32,Female,4,Research & Development,Research Scientist,Married
RM528,32,Male,3,Sales,Sales Executive,Single
RM532,32,Female,2,Research & Development,Research Director,Single
RM559,32,Male,4,Research & Development,Laboratory Technician,Married
RM601,32,Female,3,Research & Development,Manufacturing Director,Married
RM623,32,Male,4,Sales,Sales Executive,Divorced
RM627,32,Female,2,Research & Development,Research Scientist,Married
RM638,32,Male,3,Research & Development,Laboratory Technician,Divorced
RM642,32,Male,2,Sales,Sales Executive,Married
RM657,32,Male,4,Research & Development,Laboratory Technician,Single
RM683,32,Female,3,Research & Development,Laboratory Technician,Married
RM693,32,Female,4,Research & Development,Manufacturing Director,Married
RM757,32,Female,4,Research & Development,Laboratory Technician,Single
RM851,32,Female,1,Sales,Sales Representative,Divorced
RM881,32,Female,3,Research & Development,Laboratory Technician,Married
RM882,32,Female,2,Research & Development,Research Scientist,Single
RM936,32,Male,3,Sales,Sales Executive,Married
RM940,32,Male,2,Research & Development,Laboratory Technician,Married
RM992,32,Male,1,Sales,Sales Executive,Married
RM1027,32,Male,5,Sales,Sales Executive,Married
RM1076,32,Male,3,Research & Development,Manager,Single
RM1102,32,Female,2,Research & Development,Research Scientist,Married
RM1114,32,Male,4,Research & Development,Research Scientist,Married
RM1140,32,Female,4,Research & Development,Research Scientist,Married
RM1191,32,Male,3,Research & Development,Research Scientist,Divorced
RM1206,32,Male,4,Research & Development,Laboratory Technician,Single
RM1227,32,Male,3,Research & Development,Research Scientist,Married
RM1238,32,Male,2,Sales,Sales Executive,Single
RM1242,32,Male,3,Sales,Sales Executive,Married
RM1261,32,Male,4,Research & Development,Research Scientist,Single
RM1320,32,Male,4,Sales,Sales Executive,Single
RM1327,32,Male,4,Sales,Sales Executive,Single
RM1376,32,Female,2,Research & Development,Research Scientist,Single
RM1389,32,Female,4,Research & Development,Healthcare Representative,Divorced
RM1395,32,Male,4,Research & Development,Manufacturing Director,Single
RM1427,32,Female,4,Research & Development,Laboratory Technician,Single
RM1429,32,Male,4,Sales,Sales Representative,Married
RM1432,32,Female,4,Sales,Sales Executive,Married
RM1450,32,Male,3,Research & Development,Research Scientist,Single
RM004,33,Female,4,Research & Development,Research Scientist,Married
RM031,33,Male,3,Research & Development,Laboratory Technician,Single
RM040,33,Female,3,Sales,Sales Executive,Married
RM056,33,Female,2,Research & Development,Research Director,Single
RM122,33,Male,2,Sales,Sales Executive,Married
RM177,33,Male,3,Research & Development,Research Scientist,Single
RM186,33,Female,3,Research & Development,Research Scientist,Married
RM222,33,Female,4,Research & Development,Research Scientist,Married
RM235,33,Male,3,Research & Development,Laboratory Technician,Married
RM237,33,Female,2,Research & Development,Laboratory Technician,Married
RM247,33,Female,4,Research & Development,Research Scientist,Married
RM314,33,Female,4,Research & Development,Manager,Married
RM329,33,Male,3,Sales,Sales Executive,Single
RM364,33,Female,3,Sales,Sales Representative,Single
RM436,33,Male,1,Research & Development,Manager,Married
RM437,33,Male,1,Research & Development,Laboratory Technician,Divorced
RM456,33,Female,5,Research & Development,Research Director,Divorced
RM500,33,Male,4,Sales,Sales Executive,Divorced
RM510,33,Male,3,Research & Development,Healthcare Representative,Divorced
RM515,33,Male,3,Research & Development,Research Scientist,Single
RM563,33,Male,4,Research & Development,Research Scientist,Single
RM591,33,Male,3,Research & Development,Research Director,Married
RM592,33,Female,3,Sales,Sales Executive,Single
RM620,33,Male,3,Sales,Sales Executive,Divorced
RM656,33,Male,2,Human Resources,Human Resources,Divorced
RM674,33,Male,4,Research & Development,Research Scientist,Single
RM695,33,Female,3,Research & Development,Healthcare Representative,Single
RM711,33,Male,3,Sales,Manager,Single
RM713,33,Female,1,Research & Development,Research Scientist,Single
RM716,33,Female,4,Research & Development,Healthcare Representative,Married
RM755,33,Female,1,Sales,Sales Representative,Single
RM791,33,Male,3,Research & Development,Healthcare Representative,Divorced
RM793,33,Female,4,Research & Development,Research Scientist,Single
RM799,33,Male,3,Research & Development,Research Scientist,Single
RM803,33,Female,3,Sales,Sales Executive,Married
RM830,33,Female,4,Sales,Sales Executive,Single
RM864,33,Male,3,Human Resources,Human Resources,Married
RM873,33,Female,3,Sales,Sales Executive,Married
RM884,33,Male,3,Research & Development,Research Scientist,Married
RM909,33,Male,5,Sales,Sales Executive,Divorced
RM991,33,Male,1,Sales,Sales Executive,Married
RM1048,33,Male,3,Sales,Sales Executive,Married
RM1067,33,Female,4,Research & Development,Laboratory Technician,Married
RM1075,33,Male,5,Research & Development,Healthcare Representative,Single
RM1092,33,Male,3,Research & Development,Manufacturing Director,Single
RM1096,33,Male,4,Research & Development,Laboratory Technician,Married
RM1106,33,Male,4,Sales,Sales Executive,Married
RM1190,33,Male,4,Sales,Sales Executive,Divorced
RM1199,33,Female,3,Sales,Sales Executive,Divorced
RM1211,33,Male,3,Research & Development,Laboratory Technician,Married
RM1254,33,Female,3,Sales,Sales Executive,Single
RM1256,33,Female,3,Sales,Sales Executive,Single
RM1266,33,Male,3,Research & Development,Research Scientist,Divorced
RM1283,33,Male,4,Research & Development,Research Scientist,Married
RM1364,33,Male,4,Sales,Sales Executive,Single
RM1399,33,Male,2,Research & Development,Healthcare Representative,Divorced
RM1416,33,Male,2,Research & Development,Laboratory Technician,Divorced
RM1426,33,Female,2,Research & Development,Healthcare Representative,Married
RM014,34,Male,2,Research & Development,Laboratory Technician,Divorced
RM023,34,Female,4,Research & Development,Research Director,Single
RM025,34,Male,1,Research & Development,Research Scientist,Single
RM047,34,Male,4,Sales,Sales Executive,Single
RM085,34,Male,2,Research & Development,Manufacturing Director,Married
RM104,34,Female,4,Research & Development,Research Scientist,Single
RM112,34,Male,3,Research & Development,Laboratory Technician,Single
RM115,34,Female,4,Research & Development,Research Scientist,Divorced
RM117,34,Female,3,Research & Development,Manager,Single
RM160,34,Female,4,Sales,Sales Representative,Married
RM182,34,Female,2,Research & Development,Research Scientist,Single
RM189,34,Male,1,Research & Development,Manufacturing Director,Married
RM203,34,Male,4,Research & Development,Research Scientist,Divorced
RM248,34,Male,4,Research & Development,Manufacturing Director,Married
RM379,34,Male,3,Sales,Sales Executive,Single
RM394,34,Female,4,Sales,Sales Executive,Married
RM416,34,Female,2,Sales,Sales Representative,Divorced
RM433,34,Male,4,Research & Development,Research Scientist,Divorced
RM441,34,Female,3,Human Resources,Human Resources,Divorced
RM463,34,Male,4,Sales,Sales Executive,Single
RM482,34,Male,2,Research & Development,Research Scientist,Married
RM495,34,Female,3,Sales,Sales Representative,Divorced
RM504,34,Male,5,Research & Development,Research Scientist,Married
RM525,34,Female,3,Research & Development,Healthcare Representative,Single
RM550,34,Female,2,Research & Development,Healthcare Representative,Single
RM561,34,Female,5,Research & Development,Manufacturing Director,Divorced
RM568,34,Male,3,Sales,Sales Executive,Single
RM575,34,Female,4,Research & Development,Research Scientist,Single
RM580,34,Female,4,Research & Development,Research Scientist,Single
RM584,34,Female,2,Sales,Sales Executive,Married
RM607,34,Female,4,Research & Development,Research Scientist,Single
RM614,34,Male,2,Human Resources,Human Resources,Married
RM672,34,Male,3,Research & Development,Laboratory Technician,Divorced
RM758,34,Male,4,Sales,Sales Executive,Divorced
RM764,34,Female,4,Sales,Sales Representative,Married
RM795,34,Male,1,Research & Development,Healthcare Representative,Single
RM804,34,Male,4,Research & Development,Research Scientist,Married
RM823,34,Male,2,Research & Development,Manufacturing Director,Single
RM835,34,Female,1,Sales,Sales Executive,Married
RM848,34,Male,3,Research & Development,Healthcare Representative,Single
RM907,34,Female,3,Research & Development,Research Scientist,Married
RM918,34,Female,3,Sales,Sales Executive,Single
RM921,34,Female,3,Research & Development,Laboratory Technician,Divorced
RM924,34,Male,3,Human Resources,Human Resources,Married
RM959,34,Male,3,Research & Development,Healthcare Representative,Divorced
RM965,34,Female,2,Sales,Sales Executive,Single
RM978,34,Female,1,Research & Development,Research Scientist,Divorced
RM980,34,Male,3,Research & Development,Laboratory Technician,Married
RM984,34,Female,4,Research & Development,Healthcare Representative,Single
RM1016,34,Male,4,Research & Development,Research Scientist,Divorced
RM1028,34,Female,3,Research & Development,Laboratory Technician,Married
RM1040,34,Female,4,Human Resources,Human Resources,Married
RM1049,34,Male,3,Sales,Sales Executive,Single
RM1056,34,Male,3,Research & Development,Research Director,Divorced
RM1059,34,Female,4,Sales,Sales Executive,Single
RM1085,34,Male,3,Sales,Sales Executive,Married
RM1088,34,Male,2,Sales,Sales Representative,Married
RM1116,34,Male,4,Research & Development,Research Scientist,Single
RM1118,34,Male,4,Research & Development,Research Scientist,Married
RM1132,34,Male,4,Research & Development,Healthcare Representative,Married
RM1147,34,Male,4,Research & Development,Manufacturing Director,Divorced
RM1180,34,Female,3,Research & Development,Research Scientist,Divorced
RM1209,34,Male,2,Research & Development,Laboratory Technician,Married
RM1213,34,Female,3,Research & Development,Research Scientist,Married
RM1253,34,Male,4,Research & Development,Research Scientist,Married
RM1268,34,Male,3,Sales,Sales Executive,Divorced
RM1271,34,Female,2,Sales,Sales Executive,Single
RM1291,34,Male,4,Research & Development,Laboratory Technician,Married
RM1301,34,Male,2,Sales,Sales Executive,Married
RM1343,34,Male,3,Sales,Sales Executive,Married
RM1354,34,Male,4,Research & Development,Research Scientist,Married
RM1360,34,Female,1,Sales,Sales Executive,Married
RM1369,34,Male,4,Research & Development,Research Scientist,Married
RM1385,34,Male,3,Sales,Sales Executive,Single
RM1386,34,Male,4,Sales,Sales Executive,Divorced
RM1447,34,Female,3,Sales,Sales Executive,Married
RM1470,34,Male,3,Research & Development,Laboratory Technician,Married
RM1470,34,Male,3,Research & Development,Laboratory Technician,Married
RM011,35,Male,3,Research & Development,Laboratory Technician,Married
RM038,35,Female,3,Sales,Sales Representative,Married
RM041,35,Male,2,Research & Development,Laboratory Technician,Divorced
RM050,35,Male,1,Research & Development,Laboratory Technician,Married
RM054,35,Male,2,Research & Development,Healthcare Representative,Married
RM057,35,Male,5,Sales,Sales Executive,Married
RM058,35,Female,4,Research & Development,Laboratory Technician,Married
RM069,35,Male,3,Research & Development,Research Scientist,Married
RM077,35,Male,4,Sales,Sales Executive,Single
RM082,35,Male,3,Research & Development,Research Scientist,Single
RM152,35,Male,5,Sales,Sales Executive,Married
RM193,35,Male,2,Research & Development,Manufacturing Director,Married
RM197,35,Female,3,Research & Development,Laboratory Technician,Single
RM229,35,Female,3,Sales,Sales Executive,Single
RM277,35,Female,3,Research & Development,Manager,Divorced
RM298,35,Male,3,Sales,Sales Executive,Married
RM345,35,Male,4,Research & Development,Manufacturing Director,Single
RM373,35,Male,4,Research & Development,Healthcare Representative,Single
RM431,35,Male,3,Research & Development,Laboratory Technician,Single
RM439,35,Male,3,Research & Development,Healthcare Representative,Married
RM448,35,Male,3,Sales,Sales Executive,Married
RM462,35,Female,3,Sales,Sales Executive,Single
RM484,35,Male,2,Research & Development,Laboratory Technician,Single
RM509,35,Male,4,Research & Development,Research Scientist,Single
RM516,35,Male,3,Research & Development,Laboratory Technician,Married
RM558,35,Female,4,Research & Development,Healthcare Representative,Divorced
RM581,35,Female,4,Sales,Sales Representative,Married
RM597,35,Female,4,Research & Development,Research Scientist,Single
RM612,35,Male,3,Research & Development,Manufacturing Director,Single
RM621,35,Female,1,Research & Development,Research Scientist,Single
RM636,35,Female,3,Research & Development,Manufacturing Director,Married
RM637,35,Female,4,Research & Development,Research Scientist,Divorced
RM648,35,Male,3,Research & Development,Manufacturing Director,Married
RM677,35,Female,1,Research & Development,Healthcare Representative,Married
RM699,35,Female,3,Sales,Sales Executive,Married
RM705,35,Male,4,Sales,Sales Executive,Divorced
RM726,35,Male,4,Research & Development,Laboratory Technician,Divorced
RM730,35,Female,4,Research & Development,Healthcare Representative,Divorced
RM741,35,Male,3,Research & Development,Laboratory Technician,Divorced
RM792,35,Male,3,Sales,Sales Executive,Single
RM821,35,Male,2,Sales,Sales Executive,Divorced
RM836,35,Male,4,Human Resources,Human Resources,Single
RM841,35,Male,4,Research & Development,Laboratory Technician,Married
RM847,35,Male,3,Research & Development,Manufacturing Director,Divorced
RM849,35,Male,4,Research & Development,Laboratory Technician,Married
RM871,35,Male,4,Sales,Sales Executive,Married
RM889,35,Female,2,Sales,Sales Executive,Married
RM925,35,Male,1,Research & Development,Research Scientist,Married
RM962,35,Male,4,Research & Development,Research Scientist,Single
RM974,35,Female,3,Research & Development,Laboratory Technician,Married
RM982,35,Female,4,Sales,Sales Executive,Married
RM1003,35,Male,2,Research & Development,Manufacturing Director,Single
RM1060,35,Male,1,Sales,Sales Representative,Married
RM1082,35,Female,3,Research & Development,Healthcare Representative,Single
RM1101,35,Female,4,Sales,Sales Representative,Married
RM1109,35,Male,3,Research & Development,Laboratory Technician,Single
RM1111,35,Female,3,Research & Development,Laboratory Technician,Divorced
RM1124,35,Female,4,Research & Development,Healthcare Representative,Single
RM1131,35,Male,3,Research & Development,Laboratory Technician,Married
RM1135,35,Male,2,Research & Development,Laboratory Technician,Married
RM1151,35,Male,5,Research & Development,Research Scientist,Married
RM1158,35,Female,4,Research & Development,Healthcare Representative,Married
RM1163,35,Male,3,Sales,Sales Executive,Married
RM1168,35,Male,2,Sales,Sales Executive,Divorced
RM1187,35,Male,4,Sales,Sales Executive,Single
RM1216,35,Male,4,Research & Development,Research Scientist,Single
RM1233,35,Male,4,Research & Development,Manufacturing Director,Married
RM1282,35,Male,3,Sales,Sales Executive,Single
RM1289,35,Male,2,Research & Development,Manufacturing Director,Divorced
RM1303,35,Male,4,Research & Development,Laboratory Technician,Married
RM1346,35,Female,2,Research & Development,Manufacturing Director,Married
RM1381,35,Male,4,Sales,Sales Executive,Married
RM1393,35,Female,4,Sales,Sales Executive,Married
RM1423,35,Male,4,Research & Development,Laboratory Technician,Married
RM1425,35,Male,4,Research & Development,Research Scientist,Single
RM1451,35,Female,4,Human Resources,Human Resources,Single
RM1457,35,Male,4,Research & Development,Healthcare Representative,Married
RM1459,35,Female,4,Research & Development,Research Scientist,Married
RM010,36,Male,3,Research & Development,Healthcare Representative,Married
RM022,36,Male,4,Sales,Sales Representative,Single
RM039,36,Female,4,Research & Development,Research Scientist,Married
RM065,36,Female,3,Research & Development,Healthcare Representative,Divorced
RM067,36,Male,3,Research & Development,Manufacturing Director,Single
RM070,36,Male,3,Research & Development,Research Scientist,Married
RM075,36,Female,3,Research & Development,Laboratory Technician,Married
RM118,36,Female,2,Sales,Sales Executive,Married
RM119,36,Female,2,Research & Development,Laboratory Technician,Divorced
RM136,36,Male,2,Research & Development,Manufacturing Director,Divorced
RM173,36,Male,2,Research & Development,Laboratory Technician,Single
RM208,36,Female,1,Research & Development,Laboratory Technician,Single
RM221,36,Male,2,Research & Development,Laboratory Technician,Single
RM270,36,Male,3,Research & Development,Laboratory Technician,Married
RM292,36,Male,3,Research & Development,Research Scientist,Single
RM299,36,Male,4,Research & Development,Laboratory Technician,Married
RM306,36,Female,4,Research & Development,Laboratory Technician,Married
RM359,36,Female,5,Sales,Sales Executive,Single
RM360,36,Male,4,Sales,Sales Executive,Married
RM378,36,Female,3,Research & Development,Research Scientist,Married
RM385,36,Male,2,Sales,Sales Executive,Married
RM443,36,Male,4,Sales,Sales Executive,Single
RM512,36,Male,2,Research & Development,Manufacturing Director,Divorced
RM542,36,Female,3,Research & Development,Research Director,Married
RM570,36,Male,4,Sales,Sales Executive,Single
RM594,36,Female,3,Research & Development,Manufacturing Director,Married
RM600,36,Male,3,Human Resources,Human Resources,Married
RM622,36,Male,2,Sales,Sales Executive,Married
RM634,36,Male,3,Human Resources,Human Resources,Married
RM665,36,Male,1,Research & Development,Healthcare Representative,Married
RM681,36,Male,4,Research & Development,Research Scientist,Single
RM688,36,Male,4,Research & Development,Laboratory Technician,Single
RM694,36,Male,1,Sales,Sales Executive,Married
RM709,36,Male,4,Sales,Sales Executive,Divorced
RM753,36,Female,4,Research & Development,Laboratory Technician,Single
RM762,36,Male,3,Research & Development,Laboratory Technician,Divorced
RM774,36,Female,5,Research & Development,Manufacturing Director,Single
RM818,36,Male,4,Research & Development,Manufacturing Director,Single
RM874,36,Male,4,Research & Development,Laboratory Technician,Divorced
RM883,36,Female,3,Research & Development,Manufacturing Director,Divorced
RM901,36,Male,3,Research & Development,Research Scientist,Married
RM928,36,Female,4,Research & Development,Manufacturing Director,Single
RM943,36,Female,4,Research & Development,Healthcare Representative,Married
RM969,36,Female,3,Sales,Sales Executive,Married
RM1012,36,Female,4,Sales,Sales Executive,Single
RM1019,36,Male,4,Research & Development,Laboratory Technician,Single
RM1020,36,Female,4,Sales,Sales Executive,Married
RM1103,36,Male,4,Sales,Sales Representative,Single
RM1122,36,Female,4,Sales,Sales Executive,Single
RM1129,36,Male,4,Research & Development,Laboratory Technician,Married
RM1146,36,Female,4,Research & Development,Manufacturing Director,Married
RM1174,36,Female,4,Research & Development,Healthcare Representative,Married
RM1181,36,Male,3,Research & Development,Laboratory Technician,Single
RM1183,36,Female,4,Research & Development,Manufacturing Director,Married
RM1184,36,Male,2,Research & Development,Healthcare Representative,Divorced
RM1200,36,Male,4,Research & Development,Healthcare Representative,Married
RM1221,36,Female,4,Sales,Sales Representative,Single
RM1237,36,Male,5,Sales,Sales Executive,Divorced
RM1279,36,Male,3,Research & Development,Healthcare Representative,Married
RM1316,36,Female,4,Research & Development,Research Scientist,Married
RM1341,36,Female,4,Sales,Sales Executive,Married
RM1348,36,Male,1,Human Resources,Human Resources,Single
RM1356,36,Male,2,Sales,Sales Executive,Married
RM1384,36,Male,4,Research & Development,Laboratory Technician,Married
RM1440,36,Female,3,Sales,Sales Executive,Married
RM1441,36,Female,2,Research & Development,Manufacturing Director,Divorced
RM1448,36,Male,4,Sales,Sales Executive,Divorced
RM1454,36,Female,4,Sales,Sales Executive,Married
RM1466,36,Male,2,Research & Development,Laboratory Technician,Married
RM1466,36,Male,2,Research & Development,Laboratory Technician,Married
RM003,37,Male,2,Research & Development,Laboratory Technician,Single
RM048,37,Male,2,Research & Development,Research Scientist,Married
RM060,37,Male,4,Research & Development,Manufacturing Director,Divorced
RM079,37,Male,4,Research & Development,Research Director,Single
RM101,37,Male,4,Human Resources,Human Resources,Divorced
RM105,37,Male,2,Research & Development,Healthcare Representative,Divorced
RM116,37,Male,3,Sales,Sales Executive,Single
RM196,37,Male,3,Research & Development,Research Scientist,Married
RM223,37,Male,3,Research & Development,Research Director,Divorced
RM227,37,Male,4,Sales,Sales Representative,Divorced
RM249,37,Female,2,Research & Development,Research Scientist,Married
RM251,37,Male,3,Research & Development,Manufacturing Director,Divorced
RM274,37,Male,4,Sales,Sales Executive,Married
RM276,37,Female,4,Research & Development,Research Director,Divorced
RM286,37,Female,3,Research & Development,Research Scientist,Single
RM295,37,Male,3,Research & Development,Research Scientist,Married
RM341,37,Male,2,Research & Development,Manufacturing Director,Divorced
RM354,37,Male,3,Research & Development,Research Scientist,Divorced
RM365,37,Female,3,Research & Development,Laboratory Technician,Married
RM387,37,Female,3,Research & Development,Laboratory Technician,Divorced
RM390,37,Male,4,Research & Development,Manufacturing Director,Single
RM399,37,Female,5,Research & Development,Research Scientist,Married
RM465,37,Female,3,Research & Development,Manufacturing Director,Single
RM468,37,Male,4,Sales,Sales Executive,Divorced
RM473,37,Female,4,Research & Development,Manufacturing Director,Married
RM487,37,Male,3,Sales,Sales Executive,Married
RM507,37,Male,3,Research & Development,Manufacturing Director,Married
RM523,37,Male,2,Research & Development,Research Scientist,Single
RM578,37,Female,1,Research & Development,Research Scientist,Divorced
RM629,37,Male,4,Sales,Sales Executive,Divorced
RM649,37,Female,2,Sales,Sales Representative,Married
RM653,37,Male,2,Sales,Sales Executive,Single
RM696,37,Male,4,Sales,Sales Executive,Married
RM745,37,Female,2,Research & Development,Healthcare Representative,Married
RM768,37,Female,3,Research & Development,Healthcare Representative,Single
RM796,37,Female,4,Sales,Sales Executive,Divorced
RM833,37,Female,2,Research & Development,Healthcare Representative,Divorced
RM856,37,Female,3,Research & Development,Manufacturing Director,Married
RM990,37,Male,1,Research & Development,Research Scientist,Married
RM1002,37,Female,3,Research & Development,Laboratory Technician,Single
RM1023,37,Male,2,Research & Development,Laboratory Technician,Single
RM1090,37,Male,3,Research & Development,Research Scientist,Married
RM1159,37,Male,3,Research & Development,Manufacturing Director,Married
RM1164,37,Female,3,Research & Development,Research Scientist,Married
RM1212,37,Male,4,Sales,Sales Executive,Divorced
RM1277,37,Male,2,Sales,Sales Executive,Married
RM1281,37,Male,2,Human Resources,Human Resources,Divorced
RM1292,37,Male,4,Research & Development,Manufacturing Director,Single
RM1345,37,Male,4,Research & Development,Research Scientist,Married
RM1433,37,Female,3,Research & Development,Research Director,Married
RM009,38,Male,3,Research & Development,Manufacturing Director,Single
RM020,38,Male,3,Research & Development,Research Scientist,Single
RM062,38,Female,5,Research & Development,Laboratory Technician,Single
RM084,38,Female,3,Research & Development,Research Scientist,Divorced
RM143,38,Female,5,Research & Development,Research Scientist,Single
RM169,38,Female,4,Sales,Sales Executive,Single
RM180,38,Female,2,Research & Development,Laboratory Technician,Single
RM199,38,Male,4,Research & Development,Manufacturing Director,Married
RM200,38,Male,3,Research & Development,Manufacturing Director,Married
RM205,38,Male,1,Research & Development,Healthcare Representative,Married
RM224,38,Male,3,Sales,Sales Executive,Divorced
RM262,38,Male,2,Sales,Sales Executive,Married
RM278,38,Female,2,Sales,Sales Executive,Divorced
RM288,38,Male,4,Research & Development,Healthcare Representative,Divorced
RM308,38,Female,2,Research & Development,Research Director,Married
RM342,38,Male,2,Research & Development,Research Director,Divorced
RM417,38,Male,2,Research & Development,Laboratory Technician,Married
RM472,38,Female,3,Research & Development,Healthcare Representative,Married
RM491,38,Female,1,Research & Development,Research Scientist,Single
RM519,38,Female,4,Sales,Sales Executive,Single
RM530,38,Female,4,Research & Development,Healthcare Representative,Single
RM543,38,Female,3,Research & Development,Manufacturing Director,Single
RM560,38,Male,5,Research & Development,Research Scientist,Married
RM579,38,Female,4,Research & Development,Manufacturing Director,Single
RM606,38,Male,3,Research & Development,Healthcare Representative,Divorced
RM643,38,Male,3,Sales,Sales Representative,Married
RM682,38,Female,3,Research & Development,Research Director,Married
RM704,38,Female,3,Sales,Sales Executive,Single
RM723,38,Male,1,Research & Development,Research Scientist,Married
RM748,38,Male,4,Sales,Sales Executive,Single
RM766,38,Male,4,Research & Development,Research Scientist,Married
RM785,38,Female,1,Research & Development,Healthcare Representative,Married
RM808,38,Male,4,Sales,Sales Executive,Divorced
RM812,38,Male,2,Sales,Sales Executive,Single
RM827,38,Male,3,Human Resources,Human Resources,Married
RM964,38,Female,2,Sales,Sales Executive,Divorced
RM983,38,Male,3,Research & Development,Research Scientist,Divorced
RM1108,38,Male,4,Human Resources,Human Resources,Married
RM1113,38,Male,3,Research & Development,Manufacturing Director,Married
RM1120,38,Male,3,Sales,Sales Executive,Married
RM1121,38,Female,3,Sales,Sales Executive,Single
RM1162,38,Female,2,Research & Development,Manufacturing Director,Married
RM1188,38,Male,3,Research & Development,Research Scientist,Married
RM1194,38,Female,3,Research & Development,Laboratory Technician,Single
RM1203,38,Female,2,Research & Development,Laboratory Technician,Married
RM1257,38,Female,2,Research & Development,Laboratory Technician,Married
RM1262,38,Male,3,Research & Development,Healthcare Representative,Married
RM1273,38,Female,2,Research & Development,Laboratory Technician,Married
RM1290,38,Male,3,Human Resources,Human Resources,Divorced
RM1309,38,Female,4,Sales,Sales Representative,Married
RM1374,38,Female,3,Research & Development,Research Scientist,Divorced
RM1377,38,Male,2,Research & Development,Research Scientist,Divorced
RM1392,38,Male,3,Sales,Sales Representative,Single
RM1401,38,Male,4,Human Resources,Human Resources,Married
RM1417,38,Male,4,Sales,Sales Executive,Married
RM1419,38,Male,4,Research & Development,Manufacturing Director,Married
RM1431,38,Female,3,Research & Development,Research Director,Married
RM1452,38,Female,2,Sales,Sales Executive,Married
RM034,39,Male,3,Sales,Sales Representative,Married
RM138,39,Female,4,Sales,Sales Executive,Married
RM241,39,Female,4,Research & Development,Laboratory Technician,Divorced
RM252,39,Female,4,Research & Development,Healthcare Representative,Single
RM305,39,Male,3,Research & Development,Healthcare Representative,Divorced
RM315,39,Male,1,Research & Development,Manager,Married
RM327,39,Male,2,Research & Development,Manager,Married
RM328,39,Female,2,Sales,Sales Executive,Married
RM401,39,Male,1,Research & Development,Manager,Divorced
RM450,39,Female,1,Research & Development,Laboratory Technician,Married
RM527,39,Female,4,Research & Development,Healthcare Representative,Single
RM552,39,Female,3,Human Resources,Human Resources,Married
RM655,39,Female,3,Human Resources,Human Resources,Married
RM670,39,Male,3,Research & Development,Laboratory Technician,Married
RM706,39,Male,5,Sales,Sales Executive,Single
RM739,39,Female,1,Research & Development,Manufacturing Director,Married
RM754,39,Female,3,Research & Development,Manufacturing Director,Single
RM814,39,Male,3,Research & Development,Healthcare Representative,Divorced
RM817,39,Male,3,Research & Development,Laboratory Technician,Single
RM938,39,Female,4,Research & Development,Manager,Divorced
RM941,39,Male,3,Research & Development,Research Scientist,Single
RM950,39,Male,2,Research & Development,Manufacturing Director,Single
RM987,39,Male,4,Sales,Sales Executive,Married
RM993,39,Male,2,Research & Development,Healthcare Representative,Married
RM1033,39,Female,3,Research & Development,Laboratory Technician,Single
RM1080,39,Female,3,Research & Development,Manufacturing Director,Single
RM1125,39,Male,3,Sales,Sales Executive,Married
RM1149,39,Male,5,Research & Development,Manufacturing Director,Married
RM1156,39,Male,2,Research & Development,Laboratory Technician,Divorced
RM1160,39,Female,3,Research & Development,Manufacturing Director,Single
RM1176,39,Male,3,Research & Development,Manufacturing Director,Married
RM1241,39,Male,3,Research & Development,Laboratory Technician,Married
RM1285,39,Male,1,Research & Development,Research Director,Single
RM1293,39,Male,3,Sales,Sales Executive,Divorced
RM1336,39,Male,4,Research & Development,Research Scientist,Divorced
RM1367,39,Female,4,Sales,Sales Executive,Married
RM1373,39,Male,2,Research & Development,Manufacturing Director,Married
RM1404,39,Male,4,Sales,Sales Executive,Single
RM1430,39,Male,1,Research & Development,Research Scientist,Single
RM1438,39,Male,3,Research & Development,Manager,Single
RM1463,39,Female,1,Sales,Sales Executive,Married
RM1467,39,Male,1,Research & Development,Healthcare Representative,Married
RM1463,39,Female,1,Sales,Sales Executive,Married
RM1467,39,Male,1,Research & Development,Healthcare Representative,Married
RM091,40,Male,4,Research & Development,Healthcare Representative,Married
RM151,40,Female,3,Research & Development,Research Scientist,Divorced
RM159,40,Male,4,Sales,Sales Executive,Married
RM187,40,Female,1,Research & Development,Manager,Married
RM204,40,Male,2,Research & Development,Laboratory Technician,Married
RM209,40,Male,5,Research & Development,Healthcare Representative,Married
RM244,40,Male,2,Research & Development,Research Scientist,Divorced
RM258,40,Male,2,Research & Development,Research Director,Divorced
RM336,40,Male,2,Sales,Sales Executive,Married
RM362,40,Female,4,Research & Development,Laboratory Technician,Married
RM369,40,Male,2,Sales,Sales Executive,Married
RM388,40,Female,2,Sales,Sales Executive,Divorced
RM392,40,Female,3,Research & Development,Laboratory Technician,Married
RM418,40,Female,4,Sales,Manager,Married
RM449,40,Female,3,Research & Development,Manufacturing Director,Single
RM459,40,Male,3,Sales,Sales Executive,Divorced
RM534,40,Male,4,Sales,Sales Executive,Married
RM554,40,Female,1,Research & Development,Research Scientist,Single
RM583,40,Female,2,Research & Development,Healthcare Representative,Married
RM602,40,Male,4,Research & Development,Laboratory Technician,Single
RM685,40,Male,4,Sales,Sales Executive,Divorced
RM692,40,Male,4,Research & Development,Research Scientist,Divorced
RM707,40,Female,3,Sales,Sales Executive,Single
RM769,40,Male,3,Sales,Sales Executive,Married
RM786,40,Male,4,Research & Development,Healthcare Representative,Married
RM815,40,Male,3,Research & Development,Research Director,Single
RM838,40,Female,4,Research & Development,Research Director,Single
RM846,40,Female,2,Research & Development,Research Scientist,Married
RM867,40,Male,4,Sales,Sales Executive,Married
RM885,40,Female,3,Sales,Sales Executive,Divorced
RM947,40,Male,4,Sales,Sales Executive,Single
RM958,40,Male,2,Research & Development,Research Scientist,Divorced
RM960,40,Male,3,Research & Development,Research Scientist,Single
RM968,40,Male,4,Research & Development,Laboratory Technician,Married
RM979,40,Female,1,Research & Development,Healthcare Representative,Divorced
RM1030,40,Male,4,Research & Development,Laboratory Technician,Divorced
RM1041,40,Male,1,Research & Development,Research Director,Divorced
RM1046,40,Male,3,Research & Development,Research Scientist,Divorced
RM1084,40,Male,4,Research & Development,Laboratory Technician,Single
RM1095,40,Male,2,Sales,Sales Executive,Married
RM1097,40,Male,2,Human Resources,Manager,Single
RM1099,40,Male,2,Research & Development,Healthcare Representative,Divorced
RM1133,40,Female,2,Sales,Sales Executive,Married
RM1157,40,Female,3,Research & Development,Manufacturing Director,Married
RM1165,40,Female,3,Research & Development,Manufacturing Director,Single
RM1172,40,Male,3,Research & Development,Laboratory Technician,Single
RM1230,40,Female,2,Research & Development,Manufacturing Director,Married
RM1243,40,Male,4,Sales,Manager,Single
RM1287,40,Female,2,Research & Development,Laboratory Technician,Married
RM1300,40,Female,3,Research & Development,Healthcare Representative,Divorced
RM1305,40,Female,3,Research & Development,Healthcare Representative,Divorced
RM1349,40,Male,4,Research & Development,Manager,Divorced
RM1410,40,Female,3,Research & Development,Laboratory Technician,Married
RM1411,40,Female,2,Sales,Sales Executive,Married
RM1428,40,Male,4,Research & Development,Laboratory Technician,Married
RM1456,40,Male,4,Research & Development,Research Scientist,Single
RM1458,40,Female,4,Research & Development,Research Scientist,Married
RM001,41,Female,2,Sales,Sales Executive,Single
RM046,41,Female,3,Research & Development,Research Director,Married
RM134,41,Male,1,Sales,Sales Executive,Divorced
RM148,41,Male,3,Research & Development,Manager,Divorced
RM149,41,Male,4,Research & Development,Laboratory Technician,Married
RM167,41,Male,3,Research & Development,Research Scientist,Divorced
RM183,41,Female,2,Sales,Sales Representative,Single
RM216,41,Female,3,Sales,Manager,Single
RM243,41,Male,2,Research & Development,Research Scientist,Divorced
RM301,41,Male,4,Sales,Manager,Single
RM347,41,Male,3,Research & Development,Manufacturing Director,Single
RM367,41,Male,3,Sales,Sales Executive,Single
RM404,41,Male,3,Sales,Sales Executive,Married
RM447,41,Male,2,Sales,Sales Executive,Single
RM460,41,Female,4,Research & Development,Healthcare Representative,Single
RM467,41,Female,5,Sales,Manager,Married
RM536,41,Male,4,Human Resources,Manager,Divorced
RM539,41,Male,3,Human Resources,Manager,Married
RM668,41,Female,4,Research & Development,Laboratory Technician,Divorced
RM687,41,Male,3,Research & Development,Laboratory Technician,Single
RM717,41,Male,3,Research & Development,Research Director,Divorced
RM738,41,Female,2,Research & Development,Manufacturing Director,Single
RM747,41,Female,1,Research & Development,Research Director,Divorced
RM784,41,Female,2,Research & Development,Research Scientist,Married
RM831,41,Male,4,Research & Development,Laboratory Technician,Married
RM865,41,Male,2,Research & Development,Research Scientist,Divorced
RM952,41,Male,2,Sales,Sales Executive,Single
RM961,41,Female,3,Sales,Sales Executive,Divorced
RM989,41,Female,3,Research & Development,Research Scientist,Divorced
RM1029,41,Male,5,Research & Development,Research Scientist,Married
RM1197,41,Male,2,Sales,Sales Executive,Single
RM1219,41,Male,3,Sales,Sales Executive,Single
RM1229,41,Male,3,Human Resources,Human Resources,Married
RM1267,41,Male,4,Research & Development,Laboratory Technician,Divorced
RM1295,41,Male,3,Research & Development,Healthcare Representative,Single
RM1296,41,Female,1,Sales,Sales Executive,Divorced
RM1357,41,Female,3,Sales,Sales Executive,Married
RM1421,41,Male,3,Research & Development,Research Scientist,Married
RM1446,41,Female,4,Research & Development,Manufacturing Director,Married
RM1449,41,Male,3,Sales,Sales Executive,Divorced
RM028,42,Male,4,Sales,Sales Executive,Married
RM198,42,Female,2,Research & Development,Manufacturing Director,Divorced
RM232,42,Male,2,Research & Development,Manager,Married
RM254,42,Female,2,Research & Development,Research Scientist,Single
RM257,42,Female,3,Research & Development,Laboratory Technician,Divorced
RM282,42,Male,1,Sales,Sales Executive,Married
RM296,42,Female,3,Sales,Sales Executive,Married
RM349,42,Female,5,Research & Development,Research Director,Single
RM351,42,Male,1,Human Resources,Human Resources,Divorced
RM357,42,Male,4,Research & Development,Healthcare Representative,Single
RM389,42,Female,4,Research & Development,Laboratory Technician,Divorced
RM410,42,Female,2,Research & Development,Research Scientist,Divorced
RM414,42,Female,4,Research & Development,Healthcare Representative,Married
RM442,42,Male,2,Research & Development,Laboratory Technician,Married
RM452,42,Male,3,Research & Development,Manufacturing Director,Married
RM489,42,Female,4,Research & Development,Healthcare Representative,Married
RM548,42,Male,3,Research & Development,Research Scientist,Divorced
RM585,42,Male,3,Research & Development,Manager,Divorced
RM598,42,Female,2,Research & Development,Manufacturing Director,Married
RM605,42,Male,3,Research & Development,Manufacturing Director,Married
RM633,42,Male,1,Research & Development,Research Scientist,Single
RM644,42,Female,3,Research & Development,Laboratory Technician,Married
RM673,42,Female,2,Sales,Sales Executive,Single
RM742,42,Male,2,Sales,Manager,Married
RM800,42,Male,2,Research & Development,Manager,Married
RM825,42,Male,3,Research & Development,Laboratory Technician,Single
RM839,42,Male,3,Sales,Sales Executive,Single
RM840,42,Male,4,Sales,Sales Executive,Single
RM879,42,Male,5,Human Resources,Human Resources,Married
RM888,42,Female,5,Research & Development,Research Director,Married
RM926,42,Female,4,Research & Development,Research Scientist,Married
RM955,42,Male,1,Research & Development,Manager,Married
RM1000,42,Female,3,Human Resources,Manager,Married
RM1051,42,Female,2,Research & Development,Laboratory Technician,Single
RM1089,42,Male,3,Research & Development,Laboratory Technician,Married
RM1094,42,Male,3,Research & Development,Healthcare Representative,Married
RM1130,42,Male,2,Research & Development,Manager,Single
RM1264,42,Male,3,Research & Development,Laboratory Technician,Divorced
RM1288,42,Male,3,Research & Development,Healthcare Representative,Married
RM1321,42,Male,4,Research & Development,Research Scientist,Married
RM1326,42,Male,3,Research & Development,Laboratory Technician,Single
RM1358,42,Male,3,Research & Development,Research Director,Married
RM1379,42,Male,4,Sales,Sales Executive,Divorced
RM1405,42,Male,2,Research & Development,Research Scientist,Single
RM1420,42,Male,4,Research & Development,Research Scientist,Divorced
RM1444,42,Male,3,Research & Development,Manager,Married
RM036,43,Female,2,Research & Development,Research Scientist,Divorced
RM120,43,Male,2,Sales,Manager,Married
RM131,43,Female,3,Research & Development,Research Scientist,Single
RM194,43,Male,3,Research & Development,Research Scientist,Divorced
RM236,43,Female,3,Sales,Manager,Married
RM316,43,Female,4,Research & Development,Laboratory Technician,Single
RM331,43,Female,4,Research & Development,Laboratory Technician,Divorced
RM334,43,Female,3,Research & Development,Healthcare Representative,Married
RM391,43,Male,3,Research & Development,Research Director,Divorced
RM396,43,Male,3,Research & Development,Laboratory Technician,Married
RM397,43,Female,4,Research & Development,Healthcare Representative,Divorced
RM490,43,Male,4,Research & Development,Research Director,Divorced
RM492,43,Male,5,Research & Development,Laboratory Technician,Divorced
RM549,43,Male,3,Sales,Sales Executive,Married
RM610,43,Male,2,Research & Development,Research Director,Married
RM651,43,Female,3,Research & Development,Healthcare Representative,Married
RM662,43,Female,3,Research & Development,Manufacturing Director,Divorced
RM776,43,Male,3,Sales,Sales Executive,Divorced
RM813,43,Female,3,Research & Development,Manufacturing Director,Married
RM850,43,Female,3,Sales,Sales Executive,Single
RM899,43,Male,3,Research & Development,Research Director,Married
RM927,43,Female,4,Sales,Sales Executive,Single
RM996,43,Female,3,Research & Development,Research Scientist,Single
RM1134,43,Male,3,Research & Development,Laboratory Technician,Divorced
RM1186,43,Male,2,Research & Development,Research Director,Married
RM1217,43,Male,3,Sales,Sales Executive,Married
RM1263,43,Male,3,Research & Development,Research Scientist,Married
RM1270,43,Male,3,Human Resources,Human Resources,Single
RM1294,43,Male,3,Research & Development,Research Scientist,Single
RM1317,43,Male,4,Sales,Sales Executive,Married
RM1331,43,Female,3,Research & Development,Manager,Married
RM1400,43,Male,3,Research & Development,Healthcare Representative,Married
RM029,44,Female,4,Research & Development,Healthcare Representative,Married
RM032,44,Male,4,Research & Development,Healthcare Representative,Married
RM053,44,Female,5,Sales,Sales Executive,Divorced
RM100,44,Male,3,Research & Development,Laboratory Technician,Married
RM287,44,Male,3,Research & Development,Laboratory Technician,Divorced
RM494,44,Female,4,Human Resources,Human Resources,Single
RM498,44,Male,4,Research & Development,Manager,Married
RM544,44,Male,3,Research & Development,Laboratory Technician,Single
RM618,44,Male,3,Research & Development,Healthcare Representative,Single
RM632,44,Male,4,Research & Development,Laboratory Technician,Married
RM659,44,Male,2,Research & Development,Research Scientist,Married
RM751,44,Female,3,Sales,Sales Executive,Married
RM790,44,Male,2,Human Resources,Human Resources,Married
RM858,44,Male,4,Research & Development,Research Scientist,Single
RM863,44,Male,3,Research & Development,Research Scientist,Single
RM876,44,Male,4,Research & Development,Research Scientist,Single
RM892,44,Female,1,Research & Development,Research Scientist,Married
RM908,44,Male,3,Sales,Manager,Married
RM923,44,Male,2,Research & Development,Manager,Divorced
RM929,44,Female,3,Research & Development,Healthcare Representative,Married
RM954,44,Male,3,Research & Development,Laboratory Technician,Married
RM1043,44,Male,3,Research & Development,Laboratory Technician,Single
RM1047,44,Male,3,Research & Development,Research Scientist,Single
RM1052,44,Female,5,Sales,Sales Executive,Married
RM1063,44,Male,1,Research & Development,Manufacturing Director,Single
RM1079,44,Male,3,Research & Development,Research Director,Married
RM1141,44,Female,3,Research & Development,Research Director,Divorced
RM1166,44,Male,5,Human Resources,Human Resources,Married
RM1201,44,Female,3,Human Resources,Human Resources,Divorced
RM1215,44,Female,3,Research & Development,Healthcare Representative,Married
RM1280,44,Male,2,Research & Development,Research Scientist,Divorced
RM1353,44,Male,4,Research & Development,Healthcare Representative,Married
RM1436,44,Male,3,Research & Development,Research Scientist,Single
RM068,45,Male,3,Research & Development,Research Scientist,Divorced
RM078,45,Male,4,Research & Development,Research Director,Married
RM142,45,Male,3,Research & Development,Research Scientist,Single
RM154,45,Male,3,Research & Development,Laboratory Technician,Divorced
RM175,45,Female,2,Sales,Sales Executive,Divorced
RM195,45,Male,2,Research & Development,Manager,Married
RM219,45,Female,3,Sales,Sales Executive,Single
RM245,45,Male,3,Research & Development,Manager,Married
RM250,45,Male,4,Research & Development,Manufacturing Director,Married
RM269,45,Male,2,Research & Development,Healthcare Representative,Married
RM312,45,Male,3,Research & Development,Laboratory Technician,Divorced
RM335,45,Male,4,Research & Development,Research Scientist,Married
RM408,45,Male,2,Research & Development,Research Scientist,Married
RM453,45,Male,3,Sales,Sales Executive,Married
RM505,45,Female,4,Sales,Sales Executive,Married
RM565,45,Male,2,Sales,Sales Representative,Single
RM604,45,Female,3,Research & Development,Research Scientist,Single
RM626,45,Male,3,Sales,Sales Executive,Divorced
RM697,45,Male,2,Research & Development,Laboratory Technician,Married
RM714,45,Female,4,Research & Development,Laboratory Technician,Divorced
RM719,45,Male,2,Research & Development,Laboratory Technician,Married
RM756,45,Female,2,Sales,Manager,Married
RM760,45,Male,4,Human Resources,Human Resources,Single
RM806,45,Female,4,Sales,Sales Executive,Married
RM855,45,Female,3,Research & Development,Research Scientist,Married
RM914,45,Female,3,Sales,Manager,Single
RM937,45,Female,3,Research & Development,Manager,Single
RM1035,45,Male,3,Research & Development,Healthcare Representative,Divorced
RM1038,45,Male,3,Research & Development,Manufacturing Director,Married
RM1093,45,Male,3,Research & Development,Research Scientist,Married
RM1100,45,Male,4,Research & Development,Healthcare Representative,Divorced
RM1143,45,Female,5,Research & Development,Laboratory Technician,Single
RM1144,45,Male,3,Sales,Sales Executive,Married
RM1161,45,Female,2,Research & Development,Manufacturing Director,Divorced
RM1222,45,Male,1,Research & Development,Healthcare Representative,Married
RM1226,45,Female,2,Research & Development,Research Director,Single
RM1244,45,Female,3,Human Resources,Human Resources,Married
RM1315,45,Female,4,Sales,Sales Executive,Married
RM1347,45,Female,2,Research & Development,Manufacturing Director,Married
RM1363,45,Male,4,Research & Development,Healthcare Representative,Single
RM1455,45,Female,3,Sales,Sales Executive,Single
RM030,46,Female,4,Sales,Manager,Single
RM049,46,Male,4,Sales,Sales Executive,Single
RM080,46,Male,2,Human Resources,Human Resources,Divorced
RM090,46,Male,2,Sales,Sales Executive,Single
RM094,46,Male,3,Research & Development,Healthcare Representative,Married
RM179,46,Female,2,Sales,Sales Executive,Divorced
RM210,46,Male,4,Research & Development,Healthcare Representative,Divorced
RM264,46,Female,3,Sales,Manager,Married
RM366,46,Female,4,Research & Development,Manufacturing Director,Married
RM413,46,Female,3,Research & Development,Manufacturing Director,Divorced
RM430,46,Male,3,Research & Development,Research Director,Married
RM434,46,Female,3,Sales,Sales Executive,Married
RM466,46,Female,1,Research & Development,Healthcare Representative,Married
RM724,46,Male,2,Research & Development,Manufacturing Director,Divorced
RM771,46,Male,4,Research & Development,Research Director,Divorced
RM779,46,Female,4,Research & Development,Research Scientist,Divorced
RM811,46,Male,1,Sales,Manager,Married
RM862,46,Female,3,Sales,Manager,Married
RM870,46,Male,2,Research & Development,Research Director,Married
RM878,46,Male,4,Research & Development,Manufacturing Director,Divorced
RM917,46,Female,2,Sales,Manager,Married
RM944,46,Female,2,Human Resources,Human Resources,Single
RM1032,46,Male,3,Sales,Sales Executive,Divorced
RM1081,46,Female,3,Sales,Manager,Married
RM1136,46,Male,4,Sales,Manager,Single
RM1232,46,Male,4,Research & Development,Healthcare Representative,Single
RM1236,46,Male,3,Sales,Sales Executive,Divorced
RM1278,46,Male,4,Research & Development,Research Director,Divorced
RM1286,46,Male,2,Sales,Sales Executive,Single
RM1299,46,Female,2,Research & Development,Healthcare Representative,Married
RM1323,46,Male,2,Research & Development,Manufacturing Director,Divorced
RM1328,46,Female,3,Sales,Sales Executive,Divorced
RM1334,46,Female,3,Sales,Sales Executive,Married
RM272,47,Male,4,Research & Development,Manager,Married
RM330,47,Male,5,Research & Development,Research Director,Married
RM348,47,Male,1,Sales,Sales Representative,Single
RM429,47,Female,2,Research & Development,Manufacturing Director,Divorced
RM533,47,Male,4,Sales,Sales Executive,Single
RM545,47,Female,3,Sales,Sales Executive,Divorced
RM567,47,Female,2,Sales,Sales Executive,Single
RM593,47,Female,2,Research & Development,Manager,Married
RM652,47,Female,2,Sales,Sales Executive,Married
RM666,47,Female,4,Sales,Sales Representative,Single
RM708,47,Male,4,Research & Development,Manufacturing Director,Divorced
RM720,47,Female,2,Sales,Sales Executive,Single
RM1021,47,Male,3,Research & Development,Research Scientist,Married
RM1025,47,Female,4,Research & Development,Research Director,Married
RM1068,47,Female,3,Sales,Sales Executive,Married
RM1155,47,Female,4,Human Resources,Manager,Married
RM1195,47,Female,4,Sales,Manager,Divorced
RM1224,47,Male,3,Sales,Sales Executive,Married
RM1235,47,Male,4,Sales,Sales Executive,Married
RM1304,47,Female,3,Research & Development,Manufacturing Director,Divorced
RM1322,47,Female,4,Research & Development,Laboratory Technician,Single
RM1371,47,Male,4,Research & Development,Research Scientist,Married
RM1415,47,Male,3,Research & Development,Healthcare Representative,Single
RM1422,47,Female,1,Research & Development,Research Director,Married
RM051,48,Male,2,Research & Development,Laboratory Technician,Single
RM353,48,Female,1,Sales,Manager,Married
RM445,48,Female,5,Sales,Sales Executive,Married
RM493,48,Female,4,Research & Development,Manager,Married
RM521,48,Male,1,Sales,Sales Executive,Married
RM679,48,Male,4,Research & Development,Research Scientist,Married
RM736,48,Male,3,Research & Development,Healthcare Representative,Single
RM737,48,Male,4,Research & Development,Healthcare Representative,Single
RM805,48,Male,4,Research & Development,Manager,Single
RM902,48,Male,2,Research & Development,Laboratory Technician,Single
RM905,48,Male,3,Research & Development,Research Director,Single
RM970,48,Male,3,Research & Development,Manufacturing Director,Single
RM1039,48,Male,3,Sales,Sales Executive,Divorced
RM1104,48,Female,4,Sales,Sales Executive,Divorced
RM1115,48,Female,4,Research & Development,Research Scientist,Married
RM1167,48,Male,5,Research & Development,Manager,Married
RM1205,48,Female,2,Sales,Sales Representative,Married
RM1332,48,Male,3,Research & Development,Research Director,Married
RM1352,48,Female,3,Research & Development,Manager,Divorced
RM002,49,Male,1,Research & Development,Research Scientist,Married
RM130,49,Female,4,Research & Development,Manufacturing Director,Married
RM202,49,Male,4,Research & Development,Manufacturing Director,Divorced
RM291,49,Female,4,Research & Development,Research Director,Single
RM317,49,Female,2,Research & Development,Healthcare Representative,Single
RM376,49,Male,3,Research & Development,Healthcare Representative,Single
RM474,49,Male,4,Research & Development,Research Director,Divorced
RM608,49,Female,3,Sales,Sales Executive,Married
RM640,49,Female,3,Research & Development,Research Scientist,Married
RM678,49,Female,2,Research & Development,Laboratory Technician,Married
RM822,49,Male,4,Sales,Sales Executive,Married
RM900,49,Male,2,Research & Development,Manager,Married
RM1007,49,Male,2,Research & Development,Laboratory Technician,Single
RM1045,49,Male,4,Research & Development,Healthcare Representative,Married
RM1055,49,Male,4,Research & Development,Healthcare Representative,Divorced
RM1072,49,Female,2,Research & Development,Laboratory Technician,Married
RM1148,49,Female,4,Research & Development,Laboratory Technician,Married
RM1177,49,Female,4,Research & Development,Research Director,Married
RM1182,49,Female,1,Research & Development,Healthcare Representative,Married
RM1193,49,Female,3,Research & Development,Laboratory Technician,Divorced
RM1196,49,Male,3,Research & Development,Manager,Single
RM1255,49,Female,4,Sales,Sales Executive,Single
RM1378,49,Male,1,Research & Development,Research Director,Married
RM1469,49,Male,3,Sales,Sales Executive,Married
RM1469,49,Male,3,Sales,Sales Executive,Married
RM037,50,Male,2,Sales,Sales Representative,Married
RM063,50,Female,2,Research & Development,Research Director,Divorced
RM107,50,Female,3,Research & Development,Research Director,Married
RM132,50,Female,3,Sales,Sales Executive,Single
RM166,50,Female,3,Research & Development,Manager,Single
RM184,50,Male,3,Research & Development,Laboratory Technician,Married
RM234,50,Female,4,Sales,Manager,Divorced
RM280,50,Male,1,Research & Development,Research Director,Divorced
RM368,50,Male,3,Research & Development,Healthcare Representative,Single
RM426,50,Male,4,Research & Development,Manager,Married
RM478,50,Male,3,Human Resources,Manager,Married
RM524,50,Male,1,Research & Development,Laboratory Technician,Married
RM529,50,Male,2,Sales,Sales Executive,Married
RM540,50,Male,4,Sales,Sales Representative,Married
RM589,50,Male,3,Research & Development,Research Director,Married
RM654,50,Male,4,Research & Development,Manager,Divorced
RM715,50,Male,2,Research & Development,Research Director,Divorced
RM722,50,Male,3,Research & Development,Manufacturing Director,Married
RM743,50,Male,3,Research & Development,Laboratory Technician,Married
RM752,50,Female,3,Sales,Sales Executive,Married
RM767,50,Male,4,Research & Development,Research Director,Married
RM802,50,Male,4,Sales,Sales Executive,Single
RM868,50,Female,3,Research & Development,Manager,Married
RM946,50,Female,3,Research & Development,Research Director,Married
RM1087,50,Male,5,Research & Development,Research Director,Single
RM1127,50,Male,3,Sales,Manager,Married
RM1139,50,Male,5,Research & Development,Healthcare Representative,Married
RM1178,50,Female,5,Research & Development,Research Director,Divorced
RM1453,50,Male,4,Sales,Sales Executive,Divorced
RM1462,50,Male,3,Sales,Sales Executive,Divorced
RM1462,50,Male,3,Sales,Sales Executive,Divorced
RM088,51,Male,4,Research & Development,Laboratory Technician,Married
RM092,51,Male,4,Sales,Sales Executive,Single
RM111,51,Female,4,Research & Development,Healthcare Representative,Single
RM124,51,Male,3,Research & Development,Research Director,Single
RM137,51,Male,4,Research & Development,Manufacturing Director,Single
RM157,51,Male,4,Research & Development,Manufacturing Director,Married
RM190,51,Female,3,Research & Development,Healthcare Representative,Single
RM214,51,Male,4,Research & Development,Research Director,Married
RM259,51,Male,3,Research & Development,Research Scientist,Married
RM300,51,Male,3,Research & Development,Manufacturing Director,Divorced
RM377,51,Female,2,Sales,Sales Executive,Married
RM617,51,Female,4,Sales,Manager,Married
RM780,51,Male,4,Research & Development,Research Scientist,Married
RM919,51,Male,3,Sales,Manager,Divorced
RM931,51,Female,2,Research & Development,Laboratory Technician,Single
RM963,51,Male,3,Human Resources,Manager,Divorced
RM972,51,Female,2,Research & Development,Manufacturing Director,Single
RM988,51,Male,3,Sales,Sales Executive,Married
RM1276,51,Female,3,Research & Development,Manager,Married
RM191,52,Male,4,Research & Development,Manager,Married
RM231,52,Female,3,Research & Development,Laboratory Technician,Single
RM238,52,Male,4,Sales,Manager,Single
RM318,52,Male,4,Research & Development,Research Scientist,Married
RM407,52,Male,3,Research & Development,Manufacturing Director,Married
RM409,52,Female,2,Research & Development,Manager,Married
RM469,52,Male,2,Research & Development,Research Scientist,Divorced
RM562,52,Male,4,Sales,Manager,Married
RM571,52,Male,4,Research & Development,Research Scientist,Married
RM588,52,Female,4,Research & Development,Laboratory Technician,Married
RM628,52,Female,4,Research & Development,Manufacturing Director,Married
RM700,52,Male,2,Research & Development,Manager,Married
RM750,52,Female,1,Sales,Manager,Married
RM807,52,Male,4,Research & Development,Healthcare Representative,Single
RM948,52,Male,3,Sales,Sales Executive,Single
RM995,52,Female,2,Research & Development,Manufacturing Director,Married
RM1001,52,Female,4,Research & Development,Laboratory Technician,Married
RM1435,52,Male,4,Sales,Sales Representative,Divorced
RM019,53,Female,4,Sales,Manager,Married
RM026,53,Female,3,Research & Development,Manager,Divorced
RM153,53,Male,2,Sales,Sales Representative,Married
RM185,53,Female,2,Research & Development,Manufacturing Director,Divorced
RM281,53,Male,4,Research & Development,Research Director,Married
RM503,53,Female,1,Sales,Sales Executive,Single
RM535,53,Male,3,Research & Development,Research Director,Married
RM557,53,Male,3,Research & Development,Laboratory Technician,Single
RM625,53,Female,2,Sales,Sales Executive,Married
RM647,53,Male,3,Sales,Sales Executive,Married
RM650,53,Female,4,Research & Development,Research Director,Single
RM702,53,Male,2,Sales,Manager,Divorced
RM761,53,Female,3,Sales,Sales Executive,Married
RM859,53,Female,2,Research & Development,Manager,Divorced
RM1044,53,Male,3,Research & Development,Research Director,Single
RM1112,53,Female,5,Research & Development,Manufacturing Director,Married
RM1204,53,Male,4,Research & Development,Healthcare Representative,Married
RM1269,53,Female,4,Research & Development,Manufacturing Director,Married
RM1397,53,Male,4,Sales,Sales Executive,Single
RM096,54,Female,4,Research & Development,Research Director,Married
RM113,54,Female,3,Human Resources,Manager,Single
RM220,54,Female,3,Sales,Sales Executive,Married
RM333,54,Female,4,Research & Development,Research Scientist,Single
RM393,54,Male,2,Research & Development,Research Director,Married
RM432,54,Female,4,Research & Development,Laboratory Technician,Single
RM511,54,Male,4,Human Resources,Human Resources,Married
RM576,54,Female,4,Research & Development,Manufacturing Director,Divorced
RM729,54,Female,3,Research & Development,Manufacturing Director,Married
RM772,54,Female,4,Sales,Sales Executive,Married
RM891,54,Female,4,Research & Development,Manufacturing Director,Divorced
RM895,54,Male,3,Research & Development,Research Director,Married
RM1009,54,Female,3,Research & Development,Research Director,Single
RM1077,54,Female,4,Research & Development,Manager,Divorced
RM1185,54,Female,5,Research & Development,Manager,Married
RM1306,54,Female,4,Research & Development,Research Scientist,Married
RM1398,54,Female,2,Research & Development,Research Scientist,Married
RM1407,54,Female,3,Research & Development,Manufacturing Director,Single
RM066,55,Female,3,Research & Development,Manager,Divorced
RM083,55,Male,2,Sales,Sales Executive,Married
RM188,55,Male,4,Research & Development,Research Director,Single
RM271,55,Male,3,Research & Development,Manager,Single
RM284,55,Male,2,Research & Development,Laboratory Technician,Married
RM380,55,Female,3,Research & Development,Manager,Single
RM446,55,Female,5,Sales,Manager,Single
RM569,55,Male,3,Research & Development,Manager,Married
RM609,55,Male,1,Sales,Sales Executive,Single
RM746,55,Male,4,Research & Development,Healthcare Representative,Married
RM775,55,Male,1,Research & Development,Manager,Single
RM788,55,Male,1,Research & Development,Manufacturing Director,Married
RM915,55,Male,1,Research & Development,Healthcare Representative,Divorced
RM956,55,Female,2,Research & Development,Manager,Married
RM976,55,Male,4,Sales,Sales Executive,Single
RM1011,55,Male,4,Research & Development,Research Director,Divorced
RM1066,55,Male,4,Research & Development,Healthcare Representative,Married
RM1117,55,Male,5,Sales,Manager,Married
RM1208,55,Male,3,Research & Development,Research Scientist,Divorced
RM1265,55,Male,3,Research & Development,Research Director,Married
RM1337,55,Male,4,Research & Development,Research Scientist,Married
RM1402,55,Male,4,Human Resources,Manager,Married
RM086,56,Male,3,Research & Development,Manufacturing Director,Single
RM123,56,Female,4,Research & Development,Research Scientist,Married
RM176,56,Female,3,Research & Development,Research Scientist,Divorced
RM402,56,Female,3,Sales,Sales Executive,Married
RM553,56,Male,3,Research & Development,Healthcare Representative,Married
RM773,56,Female,3,Research & Development,Research Scientist,Married
RM852,56,Female,4,Research & Development,Manager,Divorced
RM957,56,Male,4,Human Resources,Manager,Single
RM977,56,Male,3,Research & Development,Manufacturing Director,Married
RM1024,56,Female,2,Research & Development,Research Scientist,Married
RM1355,56,Male,2,Research & Development,Laboratory Technician,Single
RM1372,56,Female,5,Sales,Sales Executive,Married
RM1442,56,Male,4,Research & Development,Healthcare Representative,Divorced
RM1445,56,Male,2,Research & Development,Laboratory Technician,Married
RM164,57,Male,2,Research & Development,Healthcare Representative,Divorced
RM361,57,Male,4,Research & Development,Healthcare Representative,Married
RM425,57,Male,3,Sales,Manager,Divorced
RM1054,57,Male,2,Research & Development,Research Scientist,Married
RM099,58,Male,4,Sales,Sales Executive,Single
RM127,58,Female,4,Research & Development,Healthcare Representative,Married
RM158,58,Female,3,Research & Development,Research Scientist,Married
RM309,58,Male,4,Research & Development,Healthcare Representative,Divorced
RM596,58,Male,4,Research & Development,Research Director,Single
RM661,58,Male,1,Research & Development,Laboratory Technician,Divorced
RM675,58,Female,3,Research & Development,Healthcare Representative,Divorced
RM701,58,Male,3,Research & Development,Research Scientist,Single
RM939,58,Male,4,Research & Development,Research Scientist,Divorced
RM967,58,Female,4,Research & Development,Manufacturing Director,Married
RM1010,58,Female,3,Research & Development,Research Director,Married
RM1302,58,Male,3,Sales,Manager,Divorced
RM1311,58,Male,4,Research & Development,Research Director,Married
RM1375,58,Female,3,Sales,Manager,Married
RM007,59,Female,3,Research & Development,Laboratory Technician,Married
RM064,59,Female,3,Sales,Sales Executive,Single
RM071,59,Female,1,Sales,Sales Executive,Single
RM106,59,Female,4,Human Resources,Manager,Married
RM226,59,Male,3,Research & Development,Research Scientist,Married
RM233,59,Male,2,Human Resources,Human Resources,Married
RM744,59,Female,3,Research & Development,Manufacturing Director,Single
RM759,59,Male,2,Sales,Manager,Married
RM898,59,Female,3,Sales,Sales Executive,Single
RM920,59,Male,4,Research & Development,Manufacturing Director,Single
RM412,60,Female,3,Research & Development,Manager,Married
RM428,60,Female,3,Sales,Sales Executive,Married
RM537,60,Male,4,Sales,Sales Executive,Single
RM880,60,Male,4,Sales,Sales Executive,Divorced
RM1210,60,Male,4,Research & Development,Healthcare Representative,Divorced
